verb,agency,power,verb_prep,prep,lemma
abandons,agency_pos,power_agent,abandons,,abandon
abolishes,agency_pos,power_agent,abolishes,,abolish
absorbs,agency_pos,power_agent,absorbs,,absorb
abuses,agency_pos,power_agent,abuses,,abuse
accelerates,agency_pos,power_agent,accelerates,,accelerate
accepts,agency_neg,power_agent,accepts,,accept
accesses,agency_equal,power_agent,accesses,,access
accommodates,agency_pos,power_equal,accommodates,,accommodate
accompanies,agency_equal,power_theme,accompanies,,accompany
accomplishes,agency_pos,power_equal,accomplishes,,accomplish
accords,agency_pos,power_agent,accords,,accord
accounts,agency_equal,power_agent,accounts,,account
accumulates,agency_equal,power_agent,accumulates,,accumulate
accuses,agency_pos,power_agent,accuses,,accuse
aches,agency_neg,,aches,,ache
achieves,agency_pos,power_theme,achieves,,achieve
acknowledges,agency_neg,power_agent,acknowledges,,acknowledge
acquaints,agency_pos,power_agent,acquaints,,acquaint
acquires,agency_pos,power_agent,acquires,,acquire
acquits,agency_pos,power_agent,acquits,,acquit
activates,agency_pos,power_agent,activates,,activate
acts,agency_pos,,acts,,act
adapts,agency_pos,power_agent,adapts,,adapt
addresses,agency_neg,power_equal,addresses,,address
adds,agency_pos,power_agent,adds,,add
adjoins,agency_pos,power_agent,adjoins,,adjoin
adjusts,agency_pos,power_agent,adjusts,,adjust
administers,agency_pos,power_agent,administers,,administer
admires,agency_equal,power_theme,admires,,admire
admits,agency_pos,power_theme,admits,,admit
adopts,agency_pos,power_agent,adopts,,adopt
adores,agency_equal,power_theme,adores,,adore
adorns,agency_pos,power_theme,adorns,,adorn
advances,agency_pos,power_agent,advances,,advance
advertises,agency_equal,power_agent,advertises,,advertise
advises,agency_pos,power_agent,advises,,advise
advocates,agency_pos,power_equal,advocates,,advocate
affects,agency_pos,power_agent,affects,,affect
affirms,agency_pos,power_agent,affirms,,affirm
affixes,agency_pos,power_agent,affixes,,affix
affords,agency_equal,power_agent,affords,,afford
ages,agency_neg,,ages,,age
aggravates,agency_pos,power_theme,aggravates,,aggravate
agonizes,agency_neg,,agonizes,,agonize
agonizes,agency_equal,power_theme,agonizes over,over,agonize
agrees,agency_equal,,agrees,,agree
agrees,agency_pos,power_equal,agrees on,on,agree
aids,agency_pos,power_agent,aids,,aid
aims,agency_pos,power_equal,aims,,aim
alarms,agency_pos,power_agent,alarms,,alarm
alerts,agency_pos,power_agent,alerts,,alert
alleges,agency_pos,power_agent,alleges,,allege
allows,agency_pos,power_agent,allows,,allow
alters,agency_pos,power_agent,alters,,alter
ambles,agency_pos,,ambles,,amble
amends,agency_pos,power_agent,amends,,amend
amuses,agency_pos,power_theme,amuses,,amuse
analyzes,agency_neg,power_equal,analyzes,,analyze
anchors,agency_pos,power_agent,anchors,,anchor
angers,agency_equal,power_equal,angers,,anger
angles,agency_equal,,angles,,angle
animates,agency_equal,power_equal,animates,,animate
announces,agency_pos,power_theme,announces,,announce
annoys,agency_pos,power_agent,annoys,,annoy
answers,agency_equal,power_theme,answers,,answer
anticipates,agency_pos,power_equal,anticipates,,anticipate
apologizes,agency_pos,power_theme,apologizes,,apologize
apologizes,agency_pos,power_theme,apologizes to,to,apologize
appals,agency_equal,power_agent,appals,,appal
appeals,agency_neg,power_theme,appeals,,appeal
appeals,agency_pos,power_theme,appeals to,to,appeal
appears,agency_pos,,appears,,appear
applauds,agency_pos,power_theme,applauds,,applaud
applies,agency_pos,power_agent,applies,,apply
applies,agency_neg,power_equal,applies to,to,apply
appoints,agency_pos,power_agent,appoints,,appoint
appraises,agency_pos,power_agent,appraises,,appraise
appreciates,agency_neg,power_equal,appreciates,,appreciate
approaches,agency_pos,power_equal,approaches,,approach
approves,agency_pos,power_agent,approves,,approve
arches,agency_pos,power_agent,arches,,arch
arcs,agency_pos,power_agent,arcs,,arc
argues,agency_pos,power_equal,argues,,argue
arises,agency_pos,,arises,,arise
arms,agency_pos,power_agent,arms,,arm
arouses,agency_pos,power_agent,arouses,,arouse
arranges,agency_pos,power_agent,arranges,,arrange
arrests,agency_pos,power_agent,arrests,,arrest
arrives,agency_equal,,arrives,,arrive
ascends,agency_pos,power_theme,ascends,,ascend
asks,agency_pos,power_theme,asks,,ask
assails,agency_pos,power_agent,assails,,assail
assaults,agency_pos,power_agent,assaults,,assault
assembles,agency_pos,power_equal,assembles,,assemble
asserts,agency_pos,power_agent,asserts,,assert
assesses,agency_pos,power_equal,assesses,,assess
assigns,agency_pos,power_agent,assigns,,assign
assists,agency_pos,power_theme,assists,,assist
associates,agency_pos,power_equal,associates,,associate
assumes,agency_neg,power_agent,assumes,,assume
assures,agency_pos,power_agent,assures,,assure
astonishes,agency_pos,power_agent,astonishes,,astonish
attaches,agency_pos,power_agent,attaches,,attach
attaches,agency_pos,power_agent,attaches to,to,attach
attacks,agency_pos,power_agent,attacks,,attack
attempts,agency_pos,power_equal,attempts,,attempt
attends,agency_equal,power_theme,attends,,attend
attracts,agency_equal,power_equal,attracts,,attract
attributes,agency_neg,power_agent,attributes,,attribute
authorizes,agency_pos,power_agent,authorizes,,authorize
averts,agency_pos,power_agent,averts,,avert
avoids,agency_pos,power_agent,avoids,,avoid
awaits,agency_neg,power_theme,awaits,,await
awakens,agency_pos,power_agent,awakens,,awaken
awakes,agency_pos,,awakes,,awake
awards,agency_pos,power_agent,awards,,award
babbles,agency_pos,power_equal,babbles,,babble
backhands,agency_pos,power_agent,backhands,,backhand
backs,agency_pos,power_equal,backs,,back
baffles,agency_pos,power_agent,baffles,,baffle
bags,agency_pos,power_agent,bags,,bag
bails,agency_pos,power_agent,bails,,bail
bakes,agency_pos,power_agent,bakes,,bake
balances,agency_pos,power_equal,balances,,balance
balds,agency_neg,,balds,,bald
balls,agency_pos,power_agent,balls,,ball
bandages,agency_pos,power_agent,bandages,,bandage
bangs,agency_pos,power_agent,bangs,,bang
banks,agency_pos,,banks,,bank
bans,agency_pos,power_agent,bans,,ban
barks,agency_equal,power_equal,barks,,bark
barrels,agency_pos,power_agent,barrels,,barrel
bars,agency_pos,power_agent,bars,,bar
bases,agency_pos,power_equal,bases,,base
bashes,agency_pos,power_agent,bashes,,bash
baths,agency_pos,power_agent,baths,,bath
bats,agency_pos,power_agent,bats,,bat
batters,agency_pos,power_agent,batters,,batter
battles,agency_pos,power_agent,battles,,battle
bawls,agency_equal,,bawls,,bawl
beams,agency_pos,,beams,,beam
bears,agency_pos,power_equal,bears,,bear
beats,agency_pos,power_agent,beats,,beat
beckons,agency_pos,power_agent,beckons,,beckon
becomes,agency_pos,power_theme,becomes,,become
beeps,agency_pos,power_equal,beeps,,beep
begins,agency_pos,power_equal,begins,,begin
begs,agency_pos,power_theme,begs,,beg
behaves,agency_equal,,behaves,,behave
beholds,agency_equal,power_theme,beholds,,behold
belches,agency_pos,,belches,,belch
believes,agency_neg,power_theme,believes,,believe
bellows,agency_pos,power_agent,bellows,,bellow
belongs,agency_neg,power_theme,belongs to,to,belong
belts,agency_pos,power_agent,belts,,belt
bends,agency_pos,power_agent,bends,,bend
benefits,agency_neg,power_theme,benefits,,benefit
besieges,agency_pos,power_agent,besieges,,besiege
betrays,agency_pos,power_agent,betrays,,betray
bets,agency_pos,power_equal,bets,,bet
betters,agency_pos,power_agent,betters,,better
bewilders,agency_equal,power_agent,bewilders,,bewilder
bids,agency_equal,power_agent,bids,,bid
billows,agency_pos,,billows,,billow
binds,agency_pos,power_agent,binds,,bind
bites,agency_pos,power_agent,bites,,bite
blackens,agency_pos,power_agent,blackens,,blacken
blackmails,agency_pos,power_agent,blackmails,,blackmail
blames,agency_pos,power_agent,blames,,blame
blanches,agency_pos,,blanches,,blanch
blares,agency_equal,power_equal,blares,,blare
blasts,agency_pos,power_agent,blasts,,blast
blazes,agency_equal,,blazes,,blaze
bleaches,agency_pos,power_agent,bleaches,,bleach
bleeds,agency_neg,,bleeds,,bleed
blends,agency_pos,power_agent,blends,,blend
blesses,agency_pos,power_equal,blesses,,bless
blinds,agency_pos,power_agent,blinds,,blind
blinks,agency_equal,,blinks,,blink
blocks,agency_pos,power_agent,blocks,,block
bloodies,agency_pos,power_agent,bloodies,,bloody
blots,agency_pos,power_agent,blots,,blot
blows,agency_pos,,blows,,blow
blurs,agency_pos,power_agent,blurs,,blur
blurts,agency_pos,power_equal,blurts,,blurt
blushes,agency_neg,,blushes,,blush
boards,agency_pos,power_agent,boards,,board
boasts,agency_pos,power_agent,boasts,,boast
bobs,agency_equal,,bobs,,bob
boils,agency_pos,power_agent,boils,,boil
bolts,agency_pos,,bolts,,bolt
bombs,agency_pos,power_agent,bombs,,bomb
bones,agency_pos,power_agent,bones,,bone
books,agency_pos,power_equal,books,,book
booms,agency_pos,,booms,,boom
boosts,agency_pos,power_agent,boosts,,boost
boots,agency_pos,power_agent,boots,,boot
borders,agency_neg,power_equal,borders,,border
bores,agency_equal,power_equal,bores,,bore
borrows,agency_pos,power_agent,borrows,,borrow
bothers,agency_pos,power_equal,bothers,,bother
bounces,agency_pos,,bounces,,bounce
bounds,agency_pos,power_agent,bounds,,bound
bowls,agency_pos,,bowls,,bowl
bows,agency_pos,,bows,,bow
bows,agency_neg,power_theme,bows to,to,bow
boxes,agency_pos,power_agent,boxes,,box
braces,agency_pos,power_agent,braces,,brace
brakes,agency_pos,,brakes,,brake
brandishes,agency_pos,power_equal,brandishes,,brandish
breaks,agency_pos,power_agent,breaks,,break
breathes,agency_neg,,breathes,,breathe
breeds,agency_pos,power_agent,breeds,,breed
briefs,agency_equal,power_theme,briefs,,brief
brightens,agency_pos,power_agent,brightens,,brighten
brims,agency_pos,,brims,,brim
brings,agency_pos,power_agent,brings,,bring
bristles,agency_equal,,bristles,,bristle
broadcasts,agency_pos,power_agent,broadcasts,,broadcast
broadens,agency_pos,power_equal,broadens,,broaden
broods,agency_neg,,broods,,brood
browses,agency_pos,power_theme,browses,,browse
bruises,agency_pos,power_agent,bruises,,bruise
brushes,agency_pos,power_theme,brushes,,brush
bubbles,agency_pos,,bubbles,,bubble
buckles,agency_pos,power_agent,buckles up,up,buckle
bucks,agency_pos,power_agent,bucks,,buck
budges,agency_pos,,budges,,budge
buffets,agency_pos,power_agent,buffets,,buffet
bugs,agency_pos,power_equal,bugs,,bug
builds,agency_pos,power_agent,builds,,build
bulges,agency_neg,,bulges,,bulge
bumps,agency_pos,power_agent,bumps,,bump
bundles,agency_pos,power_equal,bundles,,bundle
buries,agency_pos,power_agent,buries,,bury
burns,agency_pos,power_agent,burns,,burn
burrows,agency_pos,,burrows,,burrow
bursts,agency_pos,power_agent,bursts,,burst
bustles,agency_pos,,bustles,,bustle
busts,agency_pos,power_agent,busts,,bust
buttons,agency_equal,power_agent,buttons,,button
buys,agency_pos,power_agent,buys,,buy
buzzes,agency_pos,,buzzes,,buzz
cages,agency_pos,power_agent,cages,,cage
cakes,agency_pos,,cakes,,cake
calculates,agency_pos,power_equal,calculates,,calculate
calls,agency_pos,power_theme,calls,,call
calms,agency_pos,power_equal,calms,,calm
camps,agency_pos,,camps,,camp
cancels,agency_pos,power_agent,cancels,,cancel
caps,agency_pos,power_agent,caps,,cap
captures,agency_pos,power_agent,captures,,capture
careens,agency_pos,,careens,,careen
cares,agency_pos,power_equal,cares,,care
caresses,agency_pos,power_equal,caresses,,caress
carries,agency_pos,power_agent,carries,,carry
carves,agency_pos,power_agent,carves,,carve
cascades,agency_pos,,cascades,,cascade
cashes,agency_pos,power_agent,cashes,,cash
casts,agency_pos,power_agent,casts,,cast
catches,agency_pos,power_agent,catches,,catch
causes,agency_pos,power_agent,causes,,cause
cautions,agency_equal,power_agent,cautions,,caution
caves,agency_neg,,caves,,cave
ceases,agency_neg,power_agent,ceases,,cease
celebrates,agency_pos,power_theme,celebrates,,celebrate
centers,agency_pos,power_agent,centers,,center
centers,agency_pos,power_equal,centers on,on,center
chains,agency_pos,power_agent,chains,,chain
chalks,agency_pos,power_agent,chalks,,chalk
challenges,agency_pos,power_agent,challenges,,challenge
changes,agency_pos,power_agent,changes,,change
chants,agency_pos,power_theme,chants,,chant
characterizes,agency_equal,power_agent,characterizes,,characterize
charges,agency_pos,power_agent,charges,,charge
charms,agency_pos,power_agent,charms,,charm
chars,agency_pos,power_agent,chars,,char
chases,agency_pos,power_theme,chases,,chase
chats,agency_pos,,chats,,chat
chatters,agency_pos,,chatters,,chatter
cheats,agency_pos,power_agent,cheats,,cheat
checks,agency_equal,power_agent,checks,,check
cheers,agency_pos,power_theme,cheers,,cheer
chews,agency_pos,power_agent,chews,,chew
chills,agency_equal,power_agent,chills,,chill
chimes,agency_neg,,chimes,,chime
chips,agency_pos,power_agent,chips,,chip
chirps,agency_equal,,chirps,,chirp
chokes,agency_pos,power_agent,chokes,,choke
chokes,agency_neg,power_theme,chokes on,on,choke
chooses,agency_pos,power_agent,chooses,,choose
chops,agency_pos,power_agent,chops,,chop
chuckles,agency_pos,,chuckles,,chuckle
chucks,agency_pos,power_agent,chucks,,chuck
chugs,agency_pos,power_agent,chugs,,chug
churns,agency_pos,power_equal,churns,,churn
circles,agency_pos,power_agent,circles,,circle
circulates,agency_pos,power_agent,circulates,,circulate
cites,agency_pos,power_theme,cites,,cite
claims,agency_pos,power_agent,claims,,claim
clambers,agency_pos,,clambers,,clamber
clamps,agency_pos,power_agent,clamps,,clamp
claps,agency_pos,power_equal,claps,,clap
clarifies,agency_pos,power_equal,clarifies,,clarify
clasps,agency_pos,power_agent,clasps,,clasp
classifies,agency_pos,power_agent,classifies,,classify
clatters,agency_pos,,clatters,,clatter
claws,agency_pos,power_agent,claws,,claw
cleans,agency_pos,power_agent,cleans,,clean
cleanses,agency_pos,power_agent,cleanses,,cleanse
clears,agency_pos,power_agent,clears,,clear
clenches,agency_pos,power_agent,clenches,,clench
clicks,agency_pos,power_agent,clicks,,click
climbs,agency_pos,power_equal,climbs,,climb
clings,agency_pos,power_theme,clings to,to,cling
clinks,agency_equal,,clinks,,clink
clips,agency_pos,power_agent,clips,,clip
cloaks,agency_equal,power_agent,cloaks,,cloak
clocks,agency_neg,power_agent,clocks,,clock
clogs,agency_pos,power_agent,clogs,,clog
closes,agency_pos,power_agent,closes,,close
clothes,agency_pos,power_agent,clothes,,clothe
clouds,agency_pos,power_agent,clouds,,cloud
clusters,agency_pos,power_agent,clusters,,cluster
clutches,agency_pos,power_equal,clutches,,clutch
clutters,agency_pos,power_agent,clutters,,clutter
coats,agency_pos,power_agent,coats,,coat
coaxes,agency_pos,power_equal,coaxes,,coax
coils,agency_pos,power_agent,coils,,coil
collapses,agency_pos,power_agent,collapses,,collapse
collects,agency_pos,power_theme,collects,,collect
collides,agency_pos,,collides,,collide
collides,agency_pos,power_agent,collides with,with,collide
colors,agency_pos,power_equal,colors,,color
combines,agency_pos,power_agent,combines,,combine
combs,agency_pos,power_agent,combs,,comb
comes,agency_pos,,comes,,come
comforts,agency_pos,power_agent,comforts,,comfort
commands,agency_pos,power_agent,commands,,command
commemorates,agency_pos,power_theme,commemorates,,commemorate
commences,agency_pos,power_agent,commences,,commence
comments,agency_pos,power_equal,comments,,comment
commissions,agency_pos,power_agent,commissions,,commission
commits,agency_pos,power_agent,commits,,commit
communicates,agency_equal,power_agent,communicates,,communicate
compares,agency_equal,power_equal,compares,,compare
compels,agency_pos,power_agent,compels,,compel
compensates,agency_pos,power_theme,compensates,,compensate
competes,agency_pos,,competes,,compete
compiles,agency_pos,power_theme,compiles,,compile
complains,agency_pos,,complains,,complain
completes,agency_pos,power_equal,completes,,complete
complicates,agency_pos,power_equal,complicates,,complicate
complies,agency_pos,,complies,,comply
composes,agency_pos,power_agent,composes,,compose
comprehends,agency_pos,power_theme,comprehends,,comprehend
compromises,agency_pos,power_equal,compromises,,compromise
conceals,agency_pos,power_equal,conceals,,conceal
concedes,agency_pos,power_theme,concedes,,concede
conceives,agency_pos,power_agent,conceives,,conceive
concentrates,agency_equal,power_theme,concentrates,,concentrate
concentrates,agency_pos,power_theme,concentrates on,on,concentrate
concerns,agency_equal,power_equal,concerns,,concern
concludes,agency_pos,power_agent,concludes,,conclude
condemns,agency_pos,power_agent,condemns,,condemn
conducts,agency_pos,power_agent,conducts,,conduct
confers,agency_pos,power_equal,confers,,confer
confesses,agency_pos,power_equal,confesses,,confess
confines,agency_pos,power_agent,confines,,confine
confirms,agency_pos,power_equal,confirms,,confirm
confiscates,agency_pos,power_agent,confiscates,,confiscate
confronts,agency_pos,power_equal,confronts,,confront
confuses,agency_pos,power_agent,confuses,,confuse
congratulates,agency_equal,power_theme,congratulates,,congratulate
connects,agency_pos,power_agent,connects,,connect
conquers,agency_pos,power_agent,conquers,,conquer
considers,agency_neg,power_equal,considers,,consider
consists,agency_neg,power_theme,consists of,of,consist
consoles,agency_pos,power_equal,consoles,,console
constitutes,agency_neg,power_theme,constitutes,,constitute
constructs,agency_pos,power_agent,constructs,,construct
consults,agency_pos,power_theme,consults,,consult
consumes,agency_pos,power_agent,consumes,,consume
contacts,agency_pos,power_equal,contacts,,contact
contains,agency_pos,power_agent,contains,,contain
contaminates,agency_equal,power_agent,contaminates,,contaminate
contemplates,agency_neg,power_equal,contemplates,,contemplate
contests,agency_pos,power_agent,contests,,contest
continues,agency_pos,power_equal,continues,,continue
contorts,agency_pos,power_agent,contorts,,contort
contracts,agency_pos,power_theme,contracts,,contract
contradicts,agency_pos,power_agent,contradicts,,contradict
contrasts,agency_pos,power_equal,contrasts,,contrast
contributes,agency_pos,power_theme,contributes,,contribute
controls,agency_pos,power_agent,controls,,control
convenes,agency_pos,power_agent,convenes,,convene
converges,agency_equal,,converges,,converge
converses,agency_pos,,converses,,converse
converts,agency_pos,power_agent,converts,,convert
conveys,agency_pos,power_agent,conveys,,convey
convicts,agency_pos,power_agent,convicts,,convict
convinces,agency_pos,power_agent,convinces,,convince
convulses,agency_pos,power_agent,convulses,,convulse
cooks,agency_pos,power_equal,cooks,,cook
cools,agency_neg,power_equal,cools,,cool
cooperates,agency_equal,,cooperates,,cooperate
coordinates,agency_pos,power_agent,coordinates,,coordinate
copies,agency_pos,power_theme,copies,,copy
cops,agency_pos,power_agent,cops,,cop
corners,agency_pos,power_agent,corners,,corner
corrects,agency_pos,power_agent,corrects,,correct
corresponds,agency_neg,,corresponds,,correspond
corresponds,agency_equal,power_equal,corresponds with,with,correspond
costs,agency_pos,power_agent,costs,,cost
coughs,agency_equal,,coughs,,cough
counters,agency_pos,power_agent,counters,,counter
counts,agency_equal,power_equal,counts,,count
courses,agency_equal,,courses,,course
courts,agency_equal,power_equal,courts,,court
covers,agency_pos,power_agent,covers,,cover
cowers,agency_neg,,cowers,,cower
crackles,agency_pos,power_agent,crackles,,crackle
cracks,agency_pos,power_agent,cracks,,crack
cradles,agency_pos,power_agent,cradles,,cradle
crams,agency_pos,power_theme,crams,,cram
cranes,agency_pos,power_equal,cranes,,crane
cranks,agency_pos,power_agent,cranks,,crank
crashes,agency_pos,power_agent,crashes,,crash
crawls,agency_pos,,crawls,,crawl
creaks,agency_equal,,creaks,,creak
creates,agency_pos,power_agent,creates,,create
credits,agency_pos,power_theme,credits,,credit
creeps,agency_equal,,creeps,,creep
crests,agency_equal,,crests,,crest
cries,agency_equal,,cries,,cry
cringes,agency_neg,,cringes,,cringe
criticizes,agency_pos,power_agent,criticizes,,criticize
crops,agency_pos,power_agent,crops,,crop
crosses,agency_pos,power_agent,crosses,,cross
crosses,agency_pos,power_agent,crosses out,out,cross
crouches,agency_neg,,crouches,,crouch
crowds,agency_pos,power_agent,crowds,,crowd
crows,agency_pos,,crows,,crow
crucifies,agency_pos,power_agent,crucifies,,crucify
cruises,agency_pos,,cruises,,cruise
crumbles,agency_neg,,crumbles,,crumble
crumples,agency_pos,,crumples,,crumple
crunches,agency_pos,power_agent,crunches,,crunch
crushes,agency_pos,power_agent,crushes,,crush
cuddles,agency_equal,,cuddles,,cuddle
cuffs,agency_pos,power_agent,cuffs,,cuff
cultivates,agency_pos,power_agent,cultivates,,cultivate
cups,agency_pos,power_agent,cups,,cup
cures,agency_pos,power_agent,cures,,cure
curls,agency_pos,power_agent,curls,,curl
curses,agency_equal,power_agent,curses,,curse
curtains,agency_pos,power_equal,curtains,,curtain
curves,agency_neg,,curves,,curve
cuts,agency_pos,power_agent,cuts,,cut
dabs,agency_pos,power_equal,dabs,,dab
damages,agency_pos,power_agent,damages,,damage
dances,agency_pos,,dances,,dance
dangles,agency_pos,power_agent,dangles,,dangle
dares,agency_pos,power_agent,dares,,dare
darkens,agency_equal,power_equal,darkens,,darken
darts,agency_pos,,darts,,dart
dashes,agency_pos,,dashes,,dash
dates,agency_pos,power_equal,dates,,date
dawns,agency_neg,,dawns,,dawn
dazzles,agency_pos,power_agent,dazzles,,dazzle
deafens,agency_pos,power_agent,deafens,,deafen
deals,agency_pos,power_agent,deals,,deal
debates,agency_pos,power_equal,debates,,debate
decapitates,agency_pos,power_agent,decapitates,,decapitate
decays,agency_neg,,decays,,decay
decides,agency_pos,power_agent,decides,,decide
decks,agency_pos,power_equal,decks,,deck
declares,agency_pos,power_equal,declares,,declare
declines,agency_pos,power_agent,declines,,decline
decorates,agency_pos,power_equal,decorates,,decorate
decreases,agency_pos,power_agent,decreases,,decrease
dedicates,agency_pos,power_equal,dedicates,,dedicate
deems,agency_pos,power_agent,deems,,deem
deepens,agency_pos,power_equal,deepens,,deepen
defeats,agency_pos,power_agent,defeats,,defeat
defends,agency_pos,power_agent,defends,,defend
defers,agency_equal,power_theme,defers,,defer
defers,agency_neg,power_theme,defers to,to,defer
defies,agency_pos,power_agent,defies,,defy
defines,agency_pos,power_equal,defines,,define
deflates,agency_pos,power_agent,deflates,,deflate
deflects,agency_pos,power_agent,deflects,,deflect
delays,agency_pos,power_agent,delays,,delay
delights,agency_pos,power_theme,delights,,delight
delivers,agency_pos,power_agent,delivers,,deliver
demands,agency_pos,power_agent,demands,,demand
demolishes,agency_pos,power_agent,demolishes,,demolish
demonstrates,agency_pos,power_agent,demonstrates,,demonstrate
denies,agency_pos,power_agent,denies,,deny
denounces,agency_pos,power_agent,denounces,,denounce
dents,agency_pos,power_agent,dents,,dent
departs,agency_pos,power_theme,departs,,depart
depends,agency_neg,,depends,,depend
depends,agency_neg,power_theme,depends on,on,depend
depicts,agency_pos,power_agent,depicts,,depict
deploys,agency_pos,power_agent,deploys,,deploy
deposes,agency_pos,power_agent,deposes,,depose
deposits,agency_pos,power_agent,deposits,,deposit
depresses,agency_equal,power_agent,depresses,,depress
deprives,agency_pos,power_agent,deprives,,deprive
derives,agency_pos,power_equal,derives,,derive
descends,agency_pos,,descends,,descend
describes,agency_pos,power_equal,describes,,describe
deserts,agency_pos,power_agent,deserts,,desert
deserves,agency_neg,power_equal,deserves,,deserve
designates,agency_pos,power_agent,designates,,designate
designs,agency_pos,power_agent,designs,,design
desires,agency_neg,power_theme,desires,,desire
despises,agency_pos,power_equal,despises,,despise
destroys,agency_pos,power_agent,destroys,,destroy
detaches,agency_pos,power_agent,detaches,,detach
detains,agency_pos,power_agent,detains,,detain
detects,agency_pos,power_theme,detects,,detect
determines,agency_pos,power_agent,determines,,determine
deters,agency_pos,power_agent,deters,,deter
detonates,agency_pos,power_agent,detonates,,detonate
devastates,agency_pos,power_agent,devastates,,devastate
develops,agency_pos,power_agent,develops,,develop
devises,agency_pos,power_agent,devises,,devise
devotes,agency_pos,power_equal,devotes,,devote
devours,agency_pos,,devours,,devour
diagnoses,agency_pos,power_agent,diagnoses,,diagnose
dials,agency_pos,power_agent,dials,,dial
dictates,agency_pos,power_agent,dictates,,dictate
dies,agency_neg,,dies,,die
digests,agency_pos,power_agent,digests,,digest
digs,agency_pos,power_agent,digs,,dig
diminishes,agency_pos,power_agent,diminishes,,diminish
dims,agency_pos,power_agent,dims,,dim
dips,agency_pos,power_agent,dips,,dip
directs,agency_pos,power_agent,directs,,direct
disagrees,agency_pos,,disagrees,,disagree
disappears,agency_pos,,disappears,,disappear
disappoints,agency_pos,power_theme,disappoints,,disappoint
disapproves,agency_equal,power_agent,disapproves of,of,disapprove
disarms,agency_pos,power_agent,disarms,,disarm
disbelieves,agency_pos,power_agent,disbelieves,,disbelieve
discards,agency_pos,power_agent,discards,,discard
discharges,agency_pos,power_agent,discharges,,discharge
discloses,agency_pos,power_equal,discloses,,disclose
disconnects,agency_pos,power_agent,disconnects,,disconnect
discourages,agency_pos,power_agent,discourages,,discourage
discovers,agency_pos,power_agent,discovers,,discover
discusses,agency_pos,power_equal,discusses,,discuss
disengages,agency_pos,power_agent,disengages,,disengage
disguises,agency_pos,power_agent,disguises,,disguise
disgusts,agency_neg,power_equal,disgusts,,disgust
dishevels,agency_pos,power_agent,dishevels,,dishevel
disintegrates,agency_pos,power_agent,disintegrates,,disintegrate
dislodges,agency_pos,power_agent,dislodges,,dislodge
dismantles,agency_pos,power_agent,dismantles,,dismantle
dismisses,agency_pos,power_agent,dismisses,,dismiss
dismounts,agency_pos,,dismounts,,dismount
disorients,agency_pos,power_agent,disorients,,disorient
dispatches,agency_pos,power_agent,dispatches,,dispatch
dispenses,agency_pos,power_agent,dispenses,,dispense
disperses,agency_pos,power_agent,disperses,,disperse
displaces,agency_pos,power_agent,displaces,,displace
displays,agency_equal,power_agent,displays,,display
disposes,agency_pos,power_agent,disposes,,dispose
disputes,agency_pos,power_agent,disputes,,dispute
disrupts,agency_pos,power_agent,disrupts,,disrupt
dissipates,agency_pos,power_agent,dissipates,,dissipate
dissolves,agency_pos,power_agent,dissolves,,dissolve
distinguishes,agency_pos,power_agent,distinguishes,,distinguish
distorts,agency_pos,power_agent,distorts,,distort
distracts,agency_pos,power_agent,distracts,,distract
distributes,agency_pos,power_agent,distributes,,distribute
disturbs,agency_pos,power_equal,disturbs,,disturb
ditches,agency_pos,power_agent,ditches,,ditch
diverts,agency_pos,power_agent,diverts,,divert
dives,agency_pos,,dives,,dive
divides,agency_pos,power_agent,divides,,divide
divorces,agency_pos,power_agent,divorces,,divorce
docks,agency_pos,power_agent,docks,,dock
documents,agency_pos,power_equal,documents,,document
dodges,agency_pos,power_agent,dodges,,dodge
does,agency_pos,power_agent,does,,do
dogs,agency_equal,power_agent,dogs,,dog
dominates,agency_pos,power_agent,dominates,,dominate
donates,agency_pos,power_theme,donates,,donate
dons,agency_pos,power_agent,dons,,don
dooms,agency_pos,power_agent,dooms,,doom
dots,agency_pos,power_agent,dots,,dot
doubles,agency_pos,power_agent,doubles,,double
doubts,agency_neg,power_agent,doubts,,doubt
douses,agency_pos,power_agent,douses,,douse
downs,agency_pos,power_agent,downs,,down
dozes,agency_neg,,dozes,,doze
drafts,agency_pos,power_agent,drafts,,draft
drags,agency_pos,power_agent,drags,,drag
drains,agency_pos,power_agent,drains,,drain
drapes,agency_pos,power_agent,drapes,,drape
draws,agency_pos,power_agent,draws,,draw
dreads,agency_neg,power_theme,dreads,,dread
dreams,agency_neg,power_theme,dreams,,dream
drenches,agency_pos,power_agent,drenches,,drench
dresses,agency_pos,power_agent,dresses,,dress
dribbles,agency_pos,power_agent,dribbles,,dribble
dries,agency_pos,power_agent,dries,,dry
drifts,agency_equal,,drifts,,drift
drills,agency_pos,power_agent,drills,,drill
drinks,agency_pos,power_agent,drinks,,drink
drips,agency_pos,power_equal,drips,,drip
drives,agency_pos,power_agent,drives,,drive
drools,agency_neg,,drools,,drool
droops,agency_neg,,droops,,droop
drops,agency_pos,power_agent,drops,,drop
drowns,agency_pos,power_agent,drowns,,drown
drugs,agency_pos,power_agent,drugs,,drug
drums,agency_pos,,drums,,drum
ducks,agency_pos,power_theme,ducks,,duck
dumps,agency_pos,power_agent,dumps,,dump
dusts,agency_pos,power_agent,dusts,,dust
dwarfs,agency_neg,power_agent,dwarfs,,dwarf
dwells,agency_equal,power_theme,dwells,,dwell
earns,agency_pos,power_equal,earns,,earn
eases,agency_pos,power_equal,eases,,ease
eats,agency_pos,power_agent,eats,,eat
echoes,agency_equal,power_theme,echoes,,echo
edges,agency_pos,power_agent,edges,,edge
edits,agency_pos,power_agent,edits,,edit
educates,agency_pos,power_agent,educates,,educate
ejects,agency_pos,power_agent,ejects,,eject
elaborates,agency_pos,power_theme,elaborates,,elaborate
elbows,agency_pos,power_agent,elbows,,elbow
elects,agency_pos,power_agent,elects,,elect
elevates,agency_pos,power_equal,elevates,,elevate
eliminates,agency_pos,power_agent,eliminates,,eliminate
emanates,agency_pos,power_agent,emanates,,emanate
embarrasses,agency_pos,power_equal,embarrasses,,embarrass
embeds,agency_pos,power_equal,embeds,,embed
emblazons,agency_pos,power_agent,emblazons,,emblazon
embraces,agency_pos,power_agent,embraces,,embrace
embroiders,agency_pos,power_agent,embroiders,,embroider
emerges,agency_pos,,emerges,,emerge
emits,agency_pos,power_theme,emits,,emit
emphasizes,agency_pos,power_agent,emphasizes,,emphasize
employs,agency_pos,power_agent,employs,,employ
empties,agency_pos,power_agent,empties,,empty
enables,agency_pos,power_agent,enables,,enable
enacts,agency_pos,power_equal,enacts,,enact
encases,agency_pos,power_agent,encases,,encase
encircles,agency_pos,power_agent,encircles,,encircle
encloses,agency_equal,power_agent,encloses,,enclose
encounters,agency_neg,power_equal,encounters,,encounter
encourages,agency_pos,power_agent,encourages,,encourage
endangers,agency_equal,power_equal,endangers,,endanger
endorses,agency_pos,power_equal,endorses,,endorse
ends,agency_pos,power_agent,ends,,end
endures,agency_neg,power_theme,endures,,endure
enforces,agency_pos,power_theme,enforces,,enforce
engages,agency_pos,power_agent,engages,,engage
engraves,agency_pos,power_agent,engraves,,engrave
engrosses,agency_pos,power_agent,engrosses,,engross
engulfs,agency_pos,power_agent,engulfs,,engulf
enhances,agency_pos,power_agent,enhances,,enhance
enjoys,agency_neg,power_theme,enjoys,,enjoy
enlists,agency_pos,power_agent,enlists,,enlist
enrages,agency_pos,power_agent,enrages,,enrage
enriches,agency_pos,power_agent,enriches,,enrich
ensures,agency_pos,power_agent,ensures,,ensure
enters,agency_pos,power_agent,enters,,enter
entertains,agency_pos,power_theme,entertains,,entertain
entitles,agency_equal,power_agent,entitles,,entitle
envelops,agency_pos,power_agent,envelops,,envelop
envies,agency_equal,power_theme,envies,,envy
envisions,agency_equal,power_agent,envisions,,envision
equips,agency_pos,power_agent,equips,,equip
erases,agency_pos,power_agent,erases,,erase
erects,agency_pos,power_agent,erects,,erect
erodes,agency_pos,power_agent,erodes,,erode
erupts,agency_pos,,erupts,,erupt
escalates,agency_pos,power_agent,escalates,,escalate
escapes,agency_pos,power_equal,escapes,,escape
escorts,agency_pos,power_agent,escorts,,escort
establishes,agency_pos,power_agent,establishes,,establish
estimates,agency_neg,power_equal,estimates,,estimate
etches,agency_pos,power_agent,etches,,etch
evacuates,agency_pos,power_agent,evacuates,,evacuate
evades,agency_pos,power_theme,evades,,evade
evaluates,agency_pos,power_agent,evaluates,,evaluate
evolves,agency_pos,,evolves,,evolve
exaggerates,agency_pos,power_equal,exaggerates,,exaggerate
examines,agency_equal,power_agent,examines,,examine
exasperates,agency_pos,power_agent,exasperates,,exasperate
exceeds,agency_pos,power_agent,exceeds,,exceed
exchanges,agency_pos,power_agent,exchanges,,exchange
excites,agency_pos,power_equal,excites,,excite
excludes,agency_pos,power_agent,excludes,,exclude
excuses,agency_equal,power_agent,excuses,,excuse
executes,agency_pos,power_agent,executes,,execute
exercises,agency_pos,power_agent,exercises,,exercise
exerts,agency_pos,power_agent,exerts,,exert
exhales,agency_pos,power_agent,exhales,,exhale
exhausts,agency_pos,power_agent,exhausts,,exhaust
exists,agency_neg,,exists,,exist
exits,agency_pos,power_equal,exits,,exit
expands,agency_pos,power_agent,expands,,expand
expects,agency_neg,power_agent,expects,,expect
expels,agency_pos,power_agent,expels,,expel
experiences,agency_neg,power_theme,experiences,,experience
explains,agency_pos,power_theme,explains,,explain
explodes,agency_pos,,explodes,,explode
exploits,agency_pos,power_agent,exploits,,exploit
explores,agency_pos,power_agent,explores,,explore
exposes,agency_pos,power_agent,exposes,,expose
expresses,agency_equal,power_agent,expresses,,express
extends,agency_pos,power_agent,extends,,extend
extinguishes,agency_pos,power_agent,extinguishes,,extinguish
extracts,agency_pos,power_agent,extracts,,extract
eyeballs,agency_pos,power_theme,eyeballs,,eyeball
eyes,agency_equal,power_agent,eyes,,eye
faces,agency_neg,power_equal,faces,,face
fades,agency_neg,,fades,,fade
fails,agency_neg,power_agent,fails,,fail
faints,agency_neg,,faints,,faint
fakes,agency_pos,power_equal,fakes,,fake
fakes,agency_pos,power_agent,fakes out,out,fake
falls,agency_pos,,falls,,fall
falters,agency_neg,,falters,,falter
fancies,agency_neg,power_theme,fancies,,fancy
fans,agency_pos,power_theme,fans,,fan
farts,agency_neg,,farts,,fart
fascinates,agency_neg,power_agent,fascinates,,fascinate
fashions,agency_pos,power_agent,fashions,,fashion
fastens,agency_pos,power_agent,fastens,,fasten
fasts,agency_pos,,fasts,,fast
favors,agency_pos,power_equal,favors,,favor
fears,agency_neg,power_theme,fears,,fear
features,agency_neg,power_agent,features,,feature
feeds,agency_pos,power_agent,feeds,,feed
feels,agency_equal,power_equal,feels,,feel
fees,agency_equal,power_agent,fees,,fee
feigns,agency_pos,power_equal,feigns,,feign
fences,agency_pos,power_agent,fences,,fence
fends,agency_pos,power_equal,fends off,off,fend
fetches,agency_pos,power_agent,fetches,,fetch
fiddles,agency_equal,,fiddles,,fiddle
fidgets,agency_equal,,fidgets,,fidget
fights,agency_pos,power_equal,fights,,fight
figures,agency_pos,power_equal,figures,,figure
files,agency_pos,power_equal,files,,file
fills,agency_pos,power_theme,fills,,fill
films,agency_pos,power_equal,films,,film
filters,agency_pos,power_agent,filters,,filter
finances,agency_pos,power_agent,finances,,finance
finds,agency_equal,power_equal,finds,,find
fingers,agency_pos,power_agent,fingers,,finger
finishes,agency_pos,power_equal,finishes,,finish
fires,agency_pos,power_agent,fires,,fire
fires,agency_pos,power_agent,fires at,at,fire
fishes,agency_pos,power_theme,fishes for,for,fish
fishtails,agency_equal,power_agent,fishtails,,fishtail
fits,agency_pos,power_agent,fits,,fit
fixates,agency_neg,power_theme,fixates on,on,fixate
fixes,agency_pos,power_agent,fixes,,fix
flags,agency_pos,power_agent,flags,,flag
flails,agency_equal,,flails,,flail
flames,agency_pos,,flames,,flame
flanks,agency_pos,power_equal,flanks,,flank
flaps,agency_neg,,flaps,,flap
flares,agency_pos,,flares,,flare
flashes,agency_equal,,flashes,,flash
flattens,agency_pos,power_agent,flattens,,flatten
flees,agency_pos,,flees,,flee
flexes,agency_pos,power_agent,flexes,,flex
flickers,agency_equal,,flickers,,flicker
flicks,agency_pos,power_agent,flicks,,flick
flies,agency_pos,,flies,,fly
flinches,agency_neg,,flinches,,flinch
flings,agency_pos,power_agent,flings,,fling
flips,agency_pos,,flips,,flip
flirts,agency_pos,,flirts,,flirt
floats,agency_neg,,floats,,float
floods,agency_pos,power_agent,floods,,flood
floors,agency_pos,power_equal,floors,,floor
flops,agency_pos,,flops,,flop
flows,agency_neg,,flows,,flow
flushes,agency_pos,power_agent,flushes,,flush
flutters,agency_pos,,flutters,,flutter
focuses,agency_pos,,focuses,,focus
focuses,agency_equal,power_theme,focuses on,on,focus
folds,agency_pos,power_agent,folds,,fold
follows,agency_neg,power_theme,follows,,follow
fondles,agency_pos,power_agent,fondles,,fondle
fools,agency_pos,power_agent,fools,,fool
forbids,agency_pos,power_agent,forbids,,forbid
forces,agency_pos,power_agent,forces,,force
forges,agency_pos,power_agent,forges,,forge
forgets,agency_neg,power_agent,forgets,,forget
forgives,agency_pos,power_agent,forgives,,forgive
forms,agency_pos,power_agent,forms,,form
fosters,agency_equal,power_agent,fosters,,foster
founds,agency_pos,power_agent,founds,,found
frames,agency_pos,power_equal,frames,,frame
freaks,agency_equal,,freaks out,out,freak
frees,agency_pos,power_agent,frees,,free
freezes,agency_pos,power_agent,freezes,,freeze
fries,agency_pos,power_agent,fries,,fry
frightens,agency_pos,power_agent,frightens,,frighten
frisks,agency_pos,power_agent,frisks,,frisk
fronts,agency_pos,power_agent,fronts,,front
frowns,agency_pos,,frowns,,frown
frustrates,agency_pos,power_equal,frustrates,,frustrate
fuels,agency_equal,power_agent,fuels,,fuel
fulfills,agency_pos,power_equal,fulfills,,fulfill
fulfils,agency_pos,power_theme,fulfils,,fulfil
fumbles,agency_equal,,fumbles,,fumble
fumes,agency_pos,,fumes,,fume
functions,agency_pos,,functions,,function
furnishes,agency_pos,power_agent,furnishes,,furnish
furrows,agency_equal,power_agent,furrows,,furrow
fusses,agency_pos,power_theme,fusses over,over,fuss
gags,agency_pos,power_agent,gags,,gag
gags,agency_neg,power_agent,gags on,on,gag
gains,agency_pos,power_agent,gains,,gain
gallops,agency_pos,,gallops,,gallop
gambles,agency_pos,,gambles,,gamble
gaps,agency_pos,power_agent,gaps,,gap
gasps,agency_equal,,gasps,,gasp
gathers,agency_pos,power_agent,gathers,,gather
gauges,agency_pos,power_equal,gauges,,gauge
gawks,agency_equal,,gawks,,gawk
gazes,agency_equal,,gazes,,gaze
generates,agency_pos,power_agent,generates,,generate
gestures,agency_equal,power_agent,gestures,,gesture
gets,agency_pos,power_agent,gets,,get
giggles,agency_pos,,giggles,,giggle
gives,agency_pos,power_agent,gives,,give
glances,agency_neg,,glances,,glance
glares,agency_pos,,glares,,glare
glazes,agency_pos,power_agent,glazes,,glaze
gleams,agency_neg,,gleams,,gleam
glides,agency_equal,,glides,,glide
glimpses,agency_neg,power_agent,glimpses,,glimpse
glints,agency_equal,,glints,,glint
glistens,agency_neg,,glistens,,glisten
glitters,agency_neg,,glitters,,glitter
glowers,agency_equal,,glowers,,glower
glows,agency_neg,,glows,,glow
glues,agency_pos,power_agent,glues,,glue
gnaws,agency_pos,power_agent,gnaws,,gnaw
goes,agency_equal,power_equal,goes,,go
gouges,agency_pos,power_agent,gouges,,gouge
governs,agency_pos,power_agent,governs,,govern
grabs,agency_pos,power_agent,grabs,,grab
graduates,agency_pos,,graduates,,graduate
grants,agency_pos,power_agent,grants,,grant
grapples,agency_pos,power_equal,grapples with,with,grapple
grasps,agency_equal,power_agent,grasps,,grasp
grazes,agency_pos,power_agent,grazes,,graze
greets,agency_equal,power_theme,greets,,greet
grieves,agency_neg,power_theme,grieves,,grieve
grills,agency_pos,power_agent,grills,,grill
grimaces,agency_neg,,grimaces,,grimace
grinds,agency_pos,power_agent,grinds,,grind
grins,agency_pos,,grins,,grin
grips,agency_pos,power_agent,grips,,grip
grits,agency_pos,power_agent,grits,,grit
groans,agency_pos,,groans,,groan
grooms,agency_pos,power_agent,grooms,,groom
gropes,agency_pos,power_agent,gropes,,grope
grounds,agency_pos,power_agent,grounds,,ground
groups,agency_pos,power_agent,groups,,group
growls,agency_pos,,growls,,growl
grows,agency_pos,,grows,,grow
grumbles,agency_pos,,grumbles,,grumble
grunts,agency_pos,,grunts,,grunt
guarantees,agency_pos,power_agent,guarantees,,guarantee
guards,agency_pos,power_theme,guards,,guard
guesses,agency_neg,power_equal,guesses,,guess
guides,agency_pos,power_agent,guides,,guide
gulps,agency_pos,power_agent,gulps,,gulp
gushes,agency_equal,,gushes,,gush
gyrates,agency_pos,,gyrates,,gyrate
hacks,agency_pos,power_agent,hacks,,hack
hails,agency_pos,power_theme,hails,,hail
halts,agency_pos,power_agent,halts,,halt
hammers,agency_pos,power_agent,hammers,,hammer
hampers,agency_pos,power_agent,hampers,,hamper
handcuffs,agency_pos,power_agent,handcuffs,,handcuff
handles,agency_pos,power_agent,handles,,handle
hands,agency_pos,power_agent,hands,,hand
hangs,agency_pos,power_agent,hangs,,hang
happens,agency_neg,,happens,,happen
harasses,agency_pos,power_agent,harasses,,harass
hardens,agency_pos,power_equal,hardens,,harden
harms,agency_pos,power_agent,harms,,harm
hates,agency_neg,power_theme,hates,,hat
hauls,agency_pos,power_equal,hauls,,haul
haunts,agency_neg,power_agent,haunts,,haunt
haves,agency_neg,power_agent,haves,,have
heads,agency_pos,,heads,,head
heals,agency_pos,power_agent,heals,,heal
heaps,agency_pos,power_agent,heaps,,heap
hears,agency_neg,power_theme,hears,,hear
heats,agency_pos,power_agent,heats,,heat
heaves,agency_pos,power_agent,heaves,,heave
hefts,agency_pos,power_agent,hefts,,heft
heightens,agency_pos,power_agent,heightens,,heighten
helps,agency_pos,power_equal,helps,,help
herds,agency_pos,power_agent,herds,,herd
hesitates,agency_neg,,hesitates,,hesitate
hides,agency_pos,power_agent,hides,,hide
highlights,agency_pos,power_equal,highlights,,highlight
hikes,agency_equal,power_equal,hikes,,hike
hires,agency_pos,power_agent,hires,,hire
hisses,agency_pos,,hisses,,hiss
hitches,agency_pos,power_agent,hitches,,hitch
hits,agency_pos,power_agent,hits,,hit
hobbles,agency_pos,,hobbles,,hobble
hoists,agency_pos,power_equal,hoists,,hoist
holds,agency_pos,power_agent,holds,,hold
hollers,agency_pos,power_agent,hollers,,holler
honks,agency_pos,,honks,,honk
honors,agency_pos,power_theme,honors,,honor
hooks,agency_pos,power_agent,hooks,,hook
hopes,agency_equal,power_theme,hopes,,hope
hops,agency_pos,,hops,,hop
horrifies,agency_equal,power_agent,horrifies,,horrify
houses,agency_pos,power_agent,houses,,house
hovers,agency_pos,,hovers,,hover
howls,agency_pos,,howls,,howl
huddles,agency_pos,,huddles,,huddle
huffs,agency_pos,,huffs,,huff
hugs,agency_pos,power_agent,hugs,,hug
humiliates,agency_pos,power_agent,humiliates,,humiliate
hums,agency_pos,power_agent,hums,,hum
hunches,agency_neg,,hunches,,hunch
hunts,agency_pos,power_agent,hunts,,hunt
hurls,agency_pos,power_agent,hurls,,hurl
hurries,agency_pos,power_agent,hurries,,hurry
hurtles,agency_pos,power_agent,hurtles,,hurtle
hurts,agency_pos,power_agent,hurts,,hurt
hushes,agency_pos,power_agent,hushes,,hush
hustles,agency_pos,power_agent,hustles,,hustle
hyperventilates,agency_equal,power_agent,hyperventilates,,hyperventilate
hypnotizes,agency_pos,power_agent,hypnotizes,,hypnotize
ices,agency_pos,power_agent,ices,,ice
identifies,agency_pos,power_agent,identifies,,identify
idles,agency_neg,,idles,,idle
ignites,agency_pos,power_agent,ignites,,ignite
ignores,agency_pos,power_agent,ignores,,ignore
illuminates,agency_pos,power_equal,illuminates,,illuminate
illustrates,agency_pos,power_equal,illustrates,,illustrate
imagines,agency_equal,power_equal,imagines,,imagine
imitates,agency_equal,power_theme,imitates,,imitate
immerses,agency_pos,power_agent,immerses,,immerse
immobilizes,agency_pos,power_agent,immobilizes,,immobilize
impales,agency_pos,power_agent,impales,,impale
implements,agency_pos,power_agent,implements,,implement
implies,agency_neg,power_agent,implies,,imply
implores,agency_pos,power_theme,implores,,implore
imposes,agency_pos,power_agent,imposes,,impose
impresses,agency_neg,power_equal,impresses,,impress
improves,agency_pos,power_agent,improves,,improve
improvises,agency_pos,,improvises,,improvise
inches,agency_equal,,inches,,inch
includes,agency_pos,power_agent,includes,,include
incorporates,agency_pos,power_theme,incorporates,,incorporate
increases,agency_pos,power_agent,increases,,increase
indicates,agency_pos,power_equal,indicates,,indicate
induces,agency_pos,power_agent,induces,,induce
indulges,agency_equal,power_theme,indulges,,indulge
infects,agency_pos,power_equal,infects,,infect
inflicts,agency_pos,power_agent,inflicts,,inflict
influences,agency_pos,power_agent,influences,,influence
informs,agency_pos,power_agent,informs,,inform
inhales,agency_equal,power_agent,inhales,,inhale
inherits,agency_neg,power_agent,inherits,,inherit
initiates,agency_pos,power_agent,initiates,,initiate
injects,agency_pos,power_agent,injects,,inject
injures,agency_pos,power_agent,injures,,injure
inserts,agency_pos,power_agent,inserts,,insert
insists,agency_pos,power_agent,insists,,insist
insists,agency_pos,power_agent,insists on,on,insist
inspects,agency_pos,power_agent,inspects,,inspect
inspires,agency_pos,power_agent,inspires,,inspire
installs,agency_pos,power_agent,installs,,install
instals,agency_pos,power_agent,instals,,instal
instructs,agency_pos,power_agent,instructs,,instruct
insults,agency_pos,power_agent,insults,,insult
insures,agency_pos,power_agent,insures,,insure
integrates,agency_pos,power_agent,integrates,,integrate
intends,agency_neg,power_equal,intends,,intend
intensifies,agency_pos,power_agent,intensifies,,intensify
intercepts,agency_pos,power_agent,intercepts,,intercept
interests,agency_neg,power_theme,interests,,interest
interferes,agency_pos,,interferes,,interfere
interprets,agency_pos,power_equal,interprets,,interpret
interrogates,agency_pos,power_agent,interrogates,,interrogate
interrupts,agency_pos,power_agent,interrupts,,interrupt
intersects,agency_equal,power_equal,intersects,,intersect
intervenes,agency_pos,,intervenes,,intervene
interviews,agency_pos,power_equal,interviews,,interview
intimidates,agency_pos,power_agent,intimidates,,intimidate
intrigues,agency_neg,power_agent,intrigues,,intrigue
introduces,agency_pos,power_agent,introduces,,introduce
intrudes,agency_pos,,intrudes,,intrude
invades,agency_pos,power_agent,invades,,invade
invents,agency_pos,power_agent,invents,,invent
investigates,agency_pos,power_agent,investigates,,investigate
invests,agency_pos,power_agent,invests,,invest
invites,agency_equal,power_agent,invites,,invite
invokes,agency_pos,power_agent,invokes,,invoke
involves,agency_pos,power_agent,involves,,involve
irritates,agency_pos,power_agent,irritates,,irritate
isolates,agency_equal,power_agent,isolates,,isolate
issues,agency_pos,power_agent,issues,,issue
jabs,agency_pos,power_agent,jabs,,jab
jams,agency_pos,power_agent,jams,,jam
jars,agency_pos,power_agent,jars,,jar
jiggles,agency_pos,power_agent,jiggles,,jiggle
jogs,agency_pos,,jogs,,jog
joins,agency_pos,power_theme,joins,,join
jokes,agency_equal,,jokes,,joke
jolts,agency_pos,power_agent,jolts,,jolt
jostles,agency_pos,power_agent,jostles,,jostle
jots,agency_pos,power_theme,jots,,jot
judges,agency_pos,power_agent,judges,,judge
juggles,agency_pos,power_agent,juggles,,juggle
jumps,agency_pos,,jumps,,jump
justifies,agency_pos,power_agent,justifies,,justify
juts,agency_pos,,juts,,jut
keeps,agency_neg,power_agent,keeps,,keep
keys,agency_pos,power_agent,keys,,key
kicks,agency_pos,power_agent,kicks,,kick
kidnaps,agency_pos,power_agent,kidnaps,,kidnap
kids,agency_pos,power_agent,kids,,kid
kills,agency_pos,power_agent,kills,,kill
kisses,agency_pos,power_agent,kisses,,kiss
kneels,agency_pos,,kneels,,kneel
knits,agency_pos,power_agent,knits,,knit
knocks,agency_pos,power_agent,knocks,,knock
knots,agency_pos,power_agent,knots,,knot
knows,agency_neg,power_agent,knows,,know
labels,agency_pos,power_equal,labels,,label
labors,agency_pos,,labors,,labor
laces,agency_pos,power_agent,laces,,lace
lacks,agency_neg,power_theme,lacks,,lack
lags,agency_neg,,lags,,lag
lands,agency_pos,,lands,,land
laps,agency_pos,power_agent,laps,,lap
lashes,agency_pos,power_agent,lashes,,lash
lasts,agency_pos,power_agent,lasts,,last
latches,agency_equal,power_equal,latches,,latch
laughs,agency_pos,,laughs,,laugh
launches,agency_pos,power_agent,launches,,launch
lays,agency_pos,,lays,,lay
leads,agency_pos,power_agent,leads,,lead
leafs,agency_pos,power_agent,leafs,,leaf
leaks,agency_pos,power_equal,leaks,,leak
leans,agency_pos,,leans,,lean
leaps,agency_pos,,leaps,,leap
learns,agency_equal,power_theme,learns,,learn
leaves,agency_equal,power_agent,leaves,,leave
lectures,agency_pos,power_agent,lectures,,lecture
leers,agency_neg,,leers,,leer
lends,agency_equal,power_agent,lends,,lend
lets,agency_equal,power_agent,lets,,let
letters,agency_pos,power_equal,letters,,letter
levels,agency_pos,power_agent,levels,,level
licks,agency_pos,power_equal,licks,,lick
lies,agency_pos,,lies,,lie
lies,agency_pos,power_equal,lies to,to,lie
lifts,agency_pos,power_agent,lifts,,lift
lightens,agency_pos,power_agent,lightens,,lighten
lights,agency_pos,power_agent,lights,,light
likes,agency_equal,power_theme,likes,,like
limits,agency_pos,power_agent,limits,,limit
limps,agency_neg,,limps,,limp
lines,agency_pos,power_equal,lines,,line
lingers,agency_neg,,lingers,,linger
links,agency_pos,power_equal,links,,link
listens,agency_pos,power_theme,listens,,listen
lists,agency_pos,power_equal,lists,,list
litters,agency_pos,power_agent,litters,,litter
lives,agency_equal,power_equal,lives,,live
lives,agency_neg,power_equal,lives on,on,live
loads,agency_pos,power_agent,loads,,load
locates,agency_pos,power_equal,locates,,locate
locks,agency_pos,power_agent,locks,,lock
lodges,agency_equal,,lodges,,lodge
lolls,agency_neg,,lolls,,loll
looks,agency_equal,power_equal,looks,,look
looms,agency_neg,,looms,,loom
loops,agency_pos,power_agent,loops,,loop
loosens,agency_pos,power_agent,loosens,,loosen
looses,agency_pos,power_agent,looses,,loose
lops,agency_pos,power_agent,lops,,lop
loses,agency_equal,power_theme,loses,,lose
lounges,agency_neg,,lounges,,lounge
loves,agency_pos,power_equal,loves,,love
lowers,agency_pos,power_agent,lowers,,lower
lugs,agency_pos,power_theme,lugs,,lug
lumbers,agency_pos,,lumbers,,lumber
lunges,agency_pos,,lunges,,lunge
lurches,agency_pos,power_agent,lurches,,lurch
lures,agency_pos,power_agent,lures,,lure
lurks,agency_neg,,lurks,,lurk
magnifies,agency_pos,power_equal,magnifies,,magnify
mails,agency_pos,power_agent,mails,,mail
maintains,agency_pos,power_agent,maintains,,maintain
makes,agency_pos,power_agent,makes,,make
manages,agency_pos,power_agent,manages,,manage
mandates,agency_pos,power_agent,mandates,,mandate
maneuvers,agency_pos,power_agent,maneuvers,,maneuver
mangles,agency_pos,power_agent,mangles,,mangle
manipulates,agency_pos,power_agent,manipulates,,manipulate
mans,agency_pos,power_agent,mans,,man
manufactures,agency_pos,power_agent,manufactures,,manufacture
marches,agency_equal,,marches,,march
marks,agency_pos,power_agent,marks,,mark
marries,agency_pos,power_equal,marries,,marry
marvels,agency_equal,power_theme,marvels at,at,marvel
mashes,agency_pos,power_agent,mashes,,mash
masks,agency_pos,power_agent,masks,,mask
massages,agency_pos,power_theme,massages,,massage
matches,agency_pos,power_equal,matches,,match
materializes,agency_neg,,materializes,,materialize
mats,agency_equal,power_agent,mats,,mat
matters,agency_neg,,matters,,matter
means,agency_neg,power_equal,means,,mean
measures,agency_pos,power_equal,measures,,measure
mediates,agency_pos,,mediates,,mediate
meets,agency_pos,power_equal,meets,,meet
melts,agency_pos,power_agent,melts,,melt
memorizes,agency_equal,power_equal,memorizes,,memorize
mends,agency_pos,power_agent,mends,,mend
mentions,agency_equal,power_theme,mentions,,mention
merges,agency_pos,power_agent,merges,,merge
mesmerizes,agency_equal,power_agent,mesmerizes,,mesmerize
messes,agency_pos,power_agent,messes up,up,mess
mills,agency_pos,,mills,,mill
mimes,agency_pos,power_theme,mimes,,mime
mimics,agency_pos,power_theme,mimics,,mimic
minds,agency_equal,power_theme,minds,,mind
mingles,agency_pos,power_theme,mingles,,mingle
minimizes,agency_pos,power_agent,minimizes,,minimize
mirrors,agency_equal,power_agent,mirrors,,mirror
misses,agency_neg,power_theme,misses,,miss
mistakes,agency_equal,power_equal,mistakes,,mistake
misunderstands,agency_neg,power_theme,misunderstands,,misunderstand
mixes,agency_pos,power_agent,mixes,,mix
moans,agency_pos,,moans,,moan
mobilizes,agency_pos,power_agent,mobilizes,,mobilize
mocks,agency_pos,power_agent,mocks,,mock
modifies,agency_pos,power_agent,modifies,,modify
monitors,agency_neg,power_agent,monitors,,monitor
mops,agency_pos,power_equal,mops,,mop
motions,agency_pos,power_equal,motions to,to,motion
motivates,agency_pos,power_agent,motivates,,motivate
mounts,agency_pos,power_agent,mounts,,mount
mourns,agency_pos,,mourns,,mourn
mouths,agency_pos,power_equal,mouths,,mouth
moves,agency_pos,power_agent,moves,,move
moves,agency_pos,power_equal,moves on,on,move
mows,agency_pos,power_agent,mows,,mow
muffles,agency_pos,power_agent,muffles,,muffle
mugs,agency_pos,power_agent,mugs,,mug
mulls,agency_equal,,mulls,,mull
multiplies,agency_equal,power_agent,multiplies,,multiply
mumbles,agency_pos,power_equal,mumbles,,mumble
munches,agency_pos,power_agent,munches,,munch
murders,agency_pos,power_agent,murders,,murder
murmurs,agency_equal,power_equal,murmurs,,murmur
musters,agency_pos,power_agent,musters,,muster
mutes,agency_pos,power_agent,mutes,,mute
mutilates,agency_pos,power_agent,mutilates,,mutilate
mutters,agency_equal,power_equal,mutters,,mutter
nails,agency_pos,power_agent,nails,,nail
names,agency_pos,power_agent,names,,name
narrows,agency_pos,power_equal,narrows,,narrow
navigates,agency_pos,power_agent,navigates,,navigate
nears,agency_pos,power_equal,nears,,near
needs,agency_neg,power_theme,needs,,need
neglects,agency_equal,power_agent,neglects,,neglect
negotiates,agency_pos,power_agent,negotiates,,negotiate
nestles,agency_pos,power_agent,nestles,,nestle
nibbles,agency_pos,power_agent,nibbles,,nibble
nods,agency_pos,,nods,,nod
nods,agency_pos,power_theme,nods to,to,nod
nominates,agency_pos,power_agent,nominates,,nominate
noses,agency_pos,power_agent,noses,,nose
notes,agency_equal,power_theme,notes,,note
notices,agency_equal,power_equal,notices,,notice
notifies,agency_pos,power_agent,notifies,,notify
nudges,agency_pos,power_equal,nudges,,nudge
numbers,agency_pos,power_equal,numbers,,number
nurses,agency_pos,power_agent,nurses,,nurse
nuzzles,agency_pos,power_theme,nuzzles,,nuzzle
obeys,agency_neg,power_theme,obeys,,obey
objects,agency_pos,,objects,,object
objects,agency_pos,power_theme,objects to,to,object
obliges,agency_equal,power_theme,obliges,,oblige
obliterates,agency_pos,power_agent,obliterates,,obliterate
obscures,agency_pos,power_agent,obscures,,obscure
observes,agency_neg,power_equal,observes,,observe
obsesses,agency_equal,power_theme,obsesses over,over,obsess
obstructs,agency_pos,power_agent,obstructs,,obstruct
obtains,agency_pos,power_agent,obtains,,obtain
occupies,agency_pos,power_agent,occupies,,occupy
occurs,agency_neg,,occurs,,occur
offends,agency_pos,power_theme,offends,,offend
offers,agency_pos,power_agent,offers,,offer
offers,agency_pos,power_theme,offers to,to,offer
omits,agency_pos,power_agent,omits,,omit
oozes,agency_equal,power_equal,oozes,,ooze
opens,agency_pos,power_agent,opens,,open
operates,agency_pos,power_agent,operates,,operate
opposes,agency_pos,power_equal,opposes,,oppose
orders,agency_pos,power_agent,orders,,order
organizes,agency_pos,power_agent,organizes,,organize
outlaws,agency_pos,power_agent,outlaws,,outlaw
outlines,agency_pos,power_theme,outlines,,outline
overcomes,agency_pos,power_agent,overcomes,,overcome
overflows,agency_neg,,overflows,,overflow
overhears,agency_equal,power_equal,overhears,,overhear
overlaps,agency_equal,power_agent,overlaps,,overlap
overlooks,agency_neg,power_agent,overlooks,,overlook
oversees,agency_pos,power_agent,oversees,,oversee
overtakes,agency_pos,power_agent,overtakes,,overtake
overthrows,agency_pos,power_agent,overthrows,,overthrow
overturns,agency_pos,power_agent,overturns,,overturn
overwhelms,agency_pos,power_agent,overwhelms,,overwhelm
owes,agency_neg,power_theme,owes,,owe
owns,agency_equal,power_agent,owns,,own
paces,agency_pos,power_equal,paces,,pace
packs,agency_pos,power_agent,packs,,pack
paddles,agency_pos,,paddles,,paddle
pads,agency_pos,power_agent,pads,,pad
pages,agency_pos,power_equal,pages,,page
paints,agency_pos,power_agent,paints,,paint
pals,agency_equal,,pals,,pal
panics,agency_pos,power_equal,panics,,panic
pans,agency_pos,power_agent,pans,,pan
pants,agency_equal,,pants,,pant
paralyzes,agency_pos,power_agent,paralyzes,,paralyze
pardons,agency_pos,power_agent,pardons,,pardon
parks,agency_pos,power_agent,parks,,park
participates,agency_pos,,participates,,participate
parts,agency_pos,power_agent,parts,,part
passes,agency_pos,power_agent,passes,,pass
pastes,agency_pos,power_agent,pastes,,paste
patches,agency_pos,power_agent,patches,,patch
patrols,agency_pos,power_agent,patrols,,patrol
pats,agency_pos,power_equal,pats,,pat
pauses,agency_neg,,pauses,,pause
paves,agency_pos,power_equal,paves,,pave
paws,agency_pos,power_equal,paws,,paw
pays,agency_equal,power_agent,pays,,pay
pecks,agency_pos,power_agent,pecks,,peck
pedals,agency_pos,,pedals,,pedal
peddles,agency_pos,power_agent,peddles,,peddle
peeks,agency_neg,,peeks,,peek
peels,agency_pos,power_agent,peels,,peel
peeps,agency_pos,,peeps,,peep
peers,agency_pos,,peers,,peer
pees,agency_pos,,pees,,pee
pegs,agency_pos,power_agent,pegs,,peg
pelts,agency_pos,power_agent,pelts,,pelt
penetrates,agency_pos,power_agent,penetrates,,penetrate
perceives,agency_neg,power_equal,perceives,,perceive
perches,agency_pos,,perches,,perch
perfects,agency_pos,power_agent,perfects,,perfect
performs,agency_pos,power_equal,performs,,perform
permits,agency_pos,power_agent,permits,,permit
perplexes,agency_neg,power_agent,perplexes,,perplex
persuades,agency_pos,power_agent,persuades,,persuade
peruses,agency_pos,power_theme,peruses,,peruse
pets,agency_pos,power_equal,pets,,pet
phones,agency_pos,power_equal,phones,,phone
photographs,agency_pos,power_equal,photographs,,photograph
picks,agency_pos,power_agent,picks,,pick
pictures,agency_equal,power_equal,pictures,,picture
pierces,agency_pos,power_agent,pierces,,pierce
piles,agency_pos,power_agent,piles,,pile
pinches,agency_pos,power_agent,pinches,,pinch
pins,agency_pos,power_agent,pins,,pin
pitches,agency_pos,power_agent,pitches,,pitch
pivots,agency_pos,power_equal,pivots,,pivot
places,agency_pos,power_agent,places,,place
plagues,agency_pos,power_agent,plagues,,plague
plans,agency_pos,power_agent,plans,,plan
plants,agency_pos,power_agent,plants,,plant
plasters,agency_pos,power_agent,plasters,,plaster
plats,agency_pos,power_equal,plats,,plat
plays,agency_pos,power_agent,plays,,play
pleads,agency_pos,power_theme,pleads,,plead
pleases,agency_neg,power_theme,pleases,,please
pledges,agency_pos,power_agent,pledges,,pledge
plops,agency_pos,power_agent,plops,,plop
plows,agency_pos,power_agent,plows,,plow
plucks,agency_pos,power_agent,plucks,,pluck
plugs,agency_pos,power_agent,plugs in,in,plug
plummets,agency_neg,,plummets,,plummet
plunges,agency_pos,power_agent,plunges,,plunge
pockets,agency_equal,power_agent,pockets,,pocket
points,agency_pos,power_equal,points at,at,point
poises,agency_pos,,poises,,poise
poisons,agency_pos,power_agent,poisons,,poison
pokes,agency_pos,power_agent,pokes,,poke
polishes,agency_pos,power_theme,polishes,,polish
ponders,agency_neg,,ponders,,ponder
pops,agency_pos,power_agent,pops,,pop
portrays,agency_pos,power_theme,portrays,,portray
poses,agency_neg,,poses,,pose
positions,agency_pos,power_agent,positions,,position
possesses,agency_equal,power_agent,possesses,,possess
postpones,agency_pos,power_agent,postpones,,postpone
posts,agency_pos,power_agent,posts,,post
pounces,agency_pos,,pounces,,pounce
pounds,agency_pos,power_agent,pounds,,pound
pours,agency_pos,power_agent,pours,,pour
powers,agency_pos,power_agent,powers,,power
practices,agency_pos,power_theme,practices,,practice
praises,agency_pos,power_equal,praises,,praise
prays,agency_equal,power_theme,prays,,pray
prays,agency_neg,power_theme,prays to,to,pray
preaches,agency_pos,power_equal,preaches,,preach
precedes,agency_neg,power_agent,precedes,,precede
predicts,agency_equal,power_theme,predicts,,predict
prefers,agency_neg,power_theme,prefers,,prefer
preoccupies,agency_equal,power_agent,preoccupies,,preoccupy
prepares,agency_pos,power_agent,prepares,,prepare
prescribes,agency_pos,power_agent,prescribes,,prescribe
presents,agency_pos,power_agent,presents,,present
preserves,agency_pos,power_agent,preserves,,preserve
presides,agency_pos,,presides,,preside
presses,agency_pos,power_agent,presses,,press
presumes,agency_equal,power_agent,presumes,,presume
pretends,agency_pos,power_agent,pretends,,pretend
prevails,agency_pos,,prevails,,prevail
prevents,agency_pos,power_agent,prevents,,prevent
pricks,agency_pos,power_agent,pricks,,prick
pries,agency_equal,,pries,,pry
prints,agency_pos,power_agent,prints,,print
probes,agency_pos,power_agent,probes,,probe
proceeds,agency_pos,,proceeds,,proceed
processes,agency_pos,power_equal,processes,,process
proclaims,agency_pos,power_agent,proclaims,,proclaim
prods,agency_pos,power_agent,prods,,prod
produces,agency_pos,power_agent,produces,,produce
programs,agency_pos,power_agent,programs,,program
progresses,agency_pos,,progresses,,progress
prohibits,agency_pos,power_agent,prohibits,,prohibit
projects,agency_equal,power_agent,projects,,project
promises,agency_pos,power_equal,promises,,promise
promotes,agency_pos,power_theme,promotes,,promote
prompts,agency_pos,power_agent,prompts,,prompt
pronounces,agency_pos,power_agent,pronounces,,pronounce
propels,agency_pos,power_agent,propels,,propel
proposes,agency_pos,power_agent,proposes,,propose
props,agency_pos,power_agent,props,,prop
prosecutes,agency_pos,power_agent,prosecutes,,prosecute
protects,agency_pos,power_agent,protects,,protect
protests,agency_pos,power_equal,protests,,protest
protrudes,agency_neg,,protrudes,,protrude
proves,agency_pos,power_agent,proves,,prove
provides,agency_pos,power_agent,provides,,provide
provokes,agency_pos,power_equal,provokes,,provoke
prowls,agency_pos,,prowls,,prowl
publishes,agency_pos,power_agent,publishes,,publish
puffs,agency_pos,,puffs,,puff
pulls,agency_pos,power_agent,pulls,,pull
pulsates,agency_equal,,pulsates,,pulsate
pulses,agency_equal,,pulses,,pulse
pummels,agency_pos,power_agent,pummels,,pummel
pumps,,power_agent,pumps,,pump
punches,agency_pos,power_agent,punches,,punch
punctuates,agency_pos,power_agent,punctuates,,punctuate
punctures,agency_pos,power_agent,punctures,,puncture
punishes,agency_pos,power_agent,punishes,,punish
purchases,agency_pos,power_agent,purchases,,purchase
purrs,agency_equal,,purrs,,purr
pursues,agency_pos,power_theme,pursues,,pursue
pushes,agency_pos,power_agent,pushes,,push
puts,agency_equal,power_agent,puts,,put
puzzles,agency_neg,power_agent,puzzles,,puzzle
qualifies,agency_neg,,qualifies,,qualify
questions,agency_pos,power_agent,questions,,question
quickens,agency_pos,power_agent,quickens,,quicken
quiets,agency_pos,power_agent,quiets,,quiet
quits,agency_pos,power_agent,quits,,quit
quivers,agency_pos,,quivers,,quiver
quotes,agency_equal,power_theme,quotes,,quote
races,agency_pos,power_equal,races,,race
racks,agency_pos,power_equal,racks up,up,rack
radiates,agency_equal,power_theme,radiates,,radiate
rags,agency_pos,power_agent,rags,,rag
raids,agency_pos,power_agent,raids,,raid
rails,agency_pos,power_agent,rails against,against,rail
rains,agency_pos,power_agent,rains,,rain
raises,agency_pos,power_agent,raises,,raise
rakes,agency_pos,power_agent,rakes,,rake
rambles,agency_pos,,rambles,,ramble
rams,agency_pos,power_agent,rams,,ram
ranges,agency_pos,,ranges,,range
ranks,agency_pos,power_agent,ranks,,rank
rants,agency_pos,,rants,,rant
raps,agency_pos,,raps,,rap
ratifies,agency_pos,power_agent,ratifies,,ratify
rats,agency_pos,power_agent,rats on,on,rat
rattles,agency_pos,power_agent,rattles,,rattle
ravages,agency_pos,power_agent,ravages,,ravage
raves,agency_pos,,raves,,rave
reaches,agency_pos,power_theme,reaches,,reach
reacts,agency_pos,,reacts,,react
reacts,agency_pos,power_theme,reacts to,to,react
readies,agency_pos,power_agent,readies,,ready
reads,agency_equal,power_agent,reads,,read
reaffirms,agency_pos,power_agent,reaffirms,,reaffirm
realises,agency_equal,power_equal,realises,,realise
realizes,agency_neg,power_equal,realizes,,realize
reappears,agency_pos,,reappears,,reappear
rearranges,agency_pos,power_agent,rearranges,,rearrange
rears,agency_pos,,rears,,rear
reasons,agency_pos,,reasons,,reason
reassures,agency_pos,power_agent,reassures,,reassure
rebuilds,agency_pos,power_agent,rebuilds,,rebuild
recalls,agency_neg,power_theme,recalls,,recall
recedes,agency_neg,,recedes,,recede
receives,agency_neg,power_theme,receives,,receive
recites,agency_pos,power_equal,recites,,recite
reckons,agency_pos,power_agent,reckons,,reckon
reclines,agency_neg,,reclines,,recline
recognises,agency_equal,power_theme,recognises,,recognise
recognizes,agency_neg,power_theme,recognizes,,recognize
recoils,agency_equal,,recoils,,recoil
recommends,agency_pos,power_agent,recommends,,recommend
reconciles,agency_pos,power_equal,reconciles,,reconcile
reconsiders,agency_equal,power_agent,reconsiders,,reconsider
records,agency_equal,power_agent,records,,record
recounts,agency_equal,power_agent,recounts,,recount
recovers,agency_pos,power_equal,recovers,,recover
recruits,agency_pos,power_agent,recruits,,recruit
reduces,agency_pos,power_agent,reduces,,reduce
reels,agency_neg,,reels,,reel
refers,agency_pos,power_equal,refers,,refer
refills,agency_pos,power_agent,refills,,refill
reflects,agency_neg,power_theme,reflects,,reflect
refuses,agency_pos,power_agent,refuses,,refuse
regains,agency_pos,power_agent,regains,,regain
regards,agency_neg,power_theme,regards,,regard
registers,agency_pos,power_agent,registers,,register
regrets,agency_neg,power_theme,regrets,,regret
regulates,agency_pos,power_agent,regulates,,regulate
rehearses,agency_pos,power_equal,rehearses,,rehearse
reinforces,agency_pos,power_agent,reinforces,,reinforce
reins,agency_pos,power_equal,reins,,rein
reiterates,agency_equal,power_theme,reiterates,,reiterate
rejects,agency_pos,power_agent,rejects,,reject
rejoins,agency_pos,power_equal,rejoins,,rejoin
relates,agency_neg,power_equal,relates to,to,relate
relaxes,agency_neg,,relaxes,,relax
releases,agency_pos,power_agent,releases,,release
relents,agency_pos,,relents,,relent
relies,agency_neg,,relies,,rely
relieves,agency_pos,power_theme,relieves,,relieve
relishes,agency_neg,power_theme,relishes,,relish
reloads,agency_pos,power_agent,reloads,,reload
remains,agency_neg,,remains,,remain
remembers,agency_equal,power_equal,remembers,,remember
reminds,agency_pos,power_agent,reminds,,remind
removes,agency_pos,power_agent,removes,,remove
renders,agency_pos,power_agent,renders,,render
rends,agency_pos,power_agent,rends,,rend
renews,agency_pos,power_agent,renews,,renew
renounces,agency_pos,power_agent,renounces,,renounce
rents,agency_pos,power_equal,rents,,rent
reopens,agency_pos,power_agent,reopens,,reopen
repairs,agency_pos,power_agent,repairs,,repair
repays,agency_pos,power_theme,repays,,repay
repeats,agency_pos,power_theme,repeats,,repeat
replaces,agency_pos,power_agent,replaces,,replace
replies,agency_neg,power_equal,replies,,reply
reports,agency_pos,power_agent,reports,,report
represents,agency_pos,power_theme,represents,,represent
repulses,agency_neg,power_theme,repulses,,repulse
requests,agency_equal,power_equal,requests,,request
requires,agency_equal,power_theme,requires,,require
rescues,agency_pos,power_agent,rescues,,rescue
resembles,agency_neg,power_equal,resembles,,resemble
resents,agency_neg,power_theme,resents,,resent
reserves,agency_pos,power_agent,reserves,,reserve
resigns,agency_equal,,resigns,,resign
resists,agency_pos,power_equal,resists,,resist
resolves,agency_pos,power_equal,resolves,,resolve
respects,agency_equal,power_theme,respects,,respect
responds,agency_pos,power_theme,responds,,respond
restores,agency_pos,power_agent,restores,,restore
restrains,agency_pos,power_agent,restrains,,restrain
restricts,agency_pos,power_agent,restricts,,restrict
rests,agency_neg,,rests,,rest
results,agency_equal,,results,,result
results,agency_neg,power_agent,results in,in,result
resumes,agency_equal,power_agent,resumes,,resume
retains,agency_pos,power_agent,retains,,retain
retires,agency_pos,power_agent,retires,,retire
retracts,agency_pos,power_agent,retracts,,retract
retreats,agency_equal,,retreats,,retreat
retrieves,agency_pos,power_agent,retrieves,,retrieve
returns,agency_pos,power_agent,returns,,return
reveals,agency_pos,power_agent,reveals,,reveal
reverberates,agency_pos,,reverberates,,reverberate
reverses,agency_pos,power_agent,reverses,,reverse
reviews,agency_pos,power_equal,reviews,,review
revises,agency_pos,power_agent,revises,,revise
revives,agency_pos,power_agent,revives,,revive
revolves,agency_pos,,revolves,,revolve
revolves,agency_equal,power_theme,revolves around,around,revolve
revs,agency_pos,power_agent,revs,,rev
rewards,agency_pos,power_agent,rewards,,reward
ricochets,agency_pos,,ricochets,,ricochet
riddles,agency_pos,power_agent,riddles,,riddle
rides,agency_pos,power_agent,rides,,rid
rifles,agency_pos,power_agent,rifles through,through,rifle
rights,agency_pos,power_agent,rights,,right
rigs,agency_pos,power_agent,rigs,,rig
rings,agency_pos,power_agent,rings,,ring
rinses,agency_pos,power_agent,rinses,,rinse
ripples,agency_pos,,ripples,,ripple
rips,agency_pos,power_agent,rips,,rip
rises,agency_pos,,rises,,rise
risks,agency_equal,power_agent,risks,,risk
rivets,agency_pos,power_agent,rivets,,rivet
rivets,agency_pos,power_agent,rivets on,on,rivet
roams,agency_neg,power_equal,roams,,roam
roars,agency_pos,,roars,,roar
roasts,agency_pos,power_agent,roasts,,roast
robs,agency_pos,power_agent,robs,,rob
rockets,agency_pos,,rockets,,rocket
rocks,agency_equal,,rocks,,rock
rolls,agency_pos,power_agent,rolls,,roll
roots,agency_pos,power_equal,roots,,root
rotates,agency_pos,power_agent,rotates,,rotate
rots,agency_neg,,rots,,rot
rounds,agency_pos,power_equal,rounds,,round
rouses,agency_pos,power_agent,rouses,,rouse
rows,agency_pos,power_agent,rows,,row
rubs,agency_pos,power_equal,rubs,,rub
ruffles,agency_pos,power_agent,ruffles,,ruffle
ruins,agency_pos,power_agent,ruins,,ruin
rules,agency_pos,power_agent,rules,,rule
rumbles,agency_pos,,rumbles,,rumble
rummages,agency_pos,,rummages,,rummage
runs,agency_pos,,runs,,run
rushes,agency_pos,power_agent,rushes,,rush
rustles,agency_pos,power_agent,rustles,,rustle
rusts,agency_neg,,rusts,,rust
sacks,agency_pos,power_agent,sacks,,sack
sacrifices,agency_pos,power_agent,sacrifices,,sacrifice
saddles,agency_pos,power_agent,saddles,,saddle
sags,agency_neg,,sags,,sag
sails,agency_pos,power_agent,sails,,sail
salutes,agency_pos,power_theme,salutes,,salute
salvages,agency_pos,power_agent,salvages,,salvage
satisfies,agency_pos,power_theme,satisfies,,satisfy
saunters,agency_pos,,saunters,,saunter
saves,agency_pos,power_agent,saves,,save
savors,agency_pos,power_equal,savors,,savor
saws,agency_pos,power_agent,saws,,saw
says,agency_pos,power_equal,says,,say
scales,agency_pos,power_agent,scales,,scale
scampers,agency_pos,,scampers,,scamper
scans,agency_pos,power_agent,scans,,scan
scares,agency_pos,power_agent,scares,,scar
scatters,agency_pos,power_agent,scatters,,scatter
schedules,agency_pos,power_agent,schedules,,schedule
scoffs,agency_pos,,scoffs,,scoff
scoops,agency_pos,power_agent,scoops,,scoop
scoots,agency_pos,,scoots,,scoot
scorches,agency_pos,power_agent,scorches,,scorch
scores,agency_pos,power_equal,scores,,score
scours,agency_pos,power_agent,scours,,scour
scowls,agency_pos,,scowls,,scowl
scrambles,agency_pos,power_agent,scrambles,,scramble
scrapes,agency_pos,power_agent,scrapes,,scrap
scratches,agency_pos,power_agent,scratches,,scratch
scrawls,agency_pos,power_equal,scrawls,,scrawl
screams,agency_pos,,screams,,scream
screeches,agency_pos,,screeches,,screech
screens,agency_equal,power_agent,screens,,screen
scribbles,agency_pos,power_equal,scribbles,,scribble
scrolls,agency_equal,,scrolls,,scroll
scrubs,agency_pos,power_agent,scrubs,,scrub
scrunches,agency_pos,,scrunches,,scrunch
scrutinizes,agency_pos,power_agent,scrutinizes,,scrutinize
scurries,agency_pos,,scurries,,scurry
scuttles,agency_pos,,scuttles,,scuttle
seals,agency_pos,power_agent,seals,,seal
searches,agency_pos,power_agent,searches,,search
sears,agency_pos,power_agent,sears,,sear
seats,agency_pos,power_theme,seats,,seat
secures,agency_pos,power_agent,secures,,secure
seduces,agency_pos,power_agent,seduces,,seduce
seeks,agency_pos,power_theme,seeks,,seek
seems,agency_neg,,seems,,seem
sees,agency_neg,power_equal,sees,,see
seethes,agency_pos,,seethes,,seethe
seizes,agency_pos,power_agent,seizes,,seize
selects,agency_pos,power_agent,selects,,select
sells,agency_pos,power_agent,sells,,sell
sends,agency_pos,power_agent,sends,,send
senses,agency_neg,power_theme,senses,,sense
sentences,agency_pos,power_agent,sentences,,sentence
separates,agency_pos,power_agent,separates,,separate
serves,agency_equal,power_theme,serves,,serve
sets,agency_pos,power_agent,sets,,set
settles,agency_pos,power_agent,settles,,settle
severs,agency_pos,power_agent,severs,,sever
sews,agency_pos,power_equal,sews,,sew
shades,agency_pos,power_equal,shades,,shade
shadows,agency_equal,power_theme,shadows,,shadow
shakes,agency_pos,power_agent,shakes,,shake
shapes,agency_pos,power_agent,shapes,,shape
shares,agency_pos,power_agent,shares,,share
sharpens,agency_pos,power_agent,sharpens,,sharpen
shatters,agency_pos,power_agent,shatters,,shatter
shaves,agency_pos,power_agent,shaves,,shave
sheds,agency_pos,power_agent,sheds,,shed
shells,agency_pos,power_agent,shells,,shell
shelters,agency_pos,power_agent,shelters,,shelter
shields,agency_pos,power_agent,shields,,shield
shifts,agency_pos,power_agent,shifts,,shift
shimmers,agency_neg,,shimmers,,shimmer
shines,agency_equal,,shines,,shin
ships,agency_pos,power_agent,ships,,ship
shivers,agency_equal,,shivers,,shiver
shocks,agency_pos,power_agent,shocks,,shock
shooes,agency_pos,power_agent,shooes,,shoo
shoots,agency_pos,power_agent,shoots,,shoot
shops,agency_pos,,shops,,shop
shoulders,agency_pos,power_agent,shoulders,,shoulder
shouts,agency_pos,power_agent,shouts,,shout
shovels,agency_pos,power_agent,shovels,,shovel
shoves,agency_pos,power_agent,shoves,,shove
showers,agency_pos,power_theme,showers,,shower
shows,agency_pos,power_agent,shows,,show
shreds,agency_pos,power_agent,shreds,,shred
shrieks,agency_pos,power_agent,shrieks,,shriek
shrinks,agency_pos,power_agent,shrinks,,shrink
shrouds,agency_pos,power_agent,shrouds,,shroud
shrugs,agency_pos,,shrugs,,shrug
shuffles,agency_pos,power_agent,shuffles,,shuffle
shushes,agency_pos,power_agent,shushes,,shush
shuts,agency_pos,power_agent,shuts,,shut
sickens,agency_pos,power_agent,sickens,,sicken
sides,agency_equal,,sides,,side
sidesteps,agency_pos,power_agent,sidesteps,,sidestep
sidles,agency_pos,power_theme,sidles up to,up,sidle
sifts,agency_pos,power_agent,sifts,,sift
sighs,agency_equal,,sighs,,sigh
sights,agency_pos,power_equal,sights,,sight
signals,agency_pos,power_equal,signals,,signal
signs,agency_pos,power_equal,signs,,sign
silences,agency_pos,power_agent,silences,,silence
silhouettes,agency_neg,power_theme,silhouettes,,silhouette
simmers,agency_pos,power_agent,simmers,,simmer
singles,agency_pos,power_agent,singles out,out,single
sings,agency_pos,power_agent,sings,,sing
sinks,agency_pos,power_agent,sinks,,sink
sips,agency_pos,power_agent,sips,,sip
sits,agency_neg,,sits,,sit
situates,agency_pos,power_agent,situates,,situate
sizes,agency_equal,power_agent,sizes,,size
sizzles,agency_equal,,sizzles,,sizzle
skates,agency_pos,power_agent,skates,,skate
sketches,agency_pos,power_equal,sketches,,sketch
skids,agency_equal,,skids,,skid
skims,agency_pos,power_agent,skims,,skim
skins,agency_pos,power_agent,skins,,skin
skips,agency_neg,power_agent,skips,,skip
skitters,agency_equal,,skitters,,skitter
slams,agency_pos,power_agent,slams,,slam
slants,agency_neg,,slants,,slant
slaps,agency_pos,power_agent,slaps,,slap
slashes,agency_pos,power_agent,slashes,,slash
slaughters,agency_pos,power_agent,slaughters,,slaughter
slays,agency_pos,power_agent,slays,,slay
sleeps,agency_neg,,sleeps,,sleep
slices,agency_pos,power_agent,slices,,slice
slicks,agency_equal,power_agent,slicks,,slick
slides,agency_equal,power_agent,slides,,slide
slings,agency_pos,power_agent,slings,,sling
slinks,agency_neg,,slinks,,slink
slips,agency_pos,power_agent,slips,,slip
slithers,agency_pos,,slithers,,slither
slits,agency_pos,power_agent,slits,,slit
slops,agency_pos,power_agent,slops,,slop
sloshes,agency_equal,,sloshes,,slosh
slouches,agency_neg,,slouches,,slouch
slows,agency_pos,power_agent,slows,,slow
slugs,agency_pos,power_agent,slugs,,slug
slumps,agency_neg,,slumps,,slump
slurps,agency_pos,power_agent,slurps,,slurp
slurs,agency_equal,,slurs,,slur
smacks,agency_pos,power_agent,smacks,,smack
smashes,agency_pos,power_agent,smashes,,smash
smears,agency_pos,power_agent,smears,,smear
smells,agency_neg,power_theme,smells,,smell
smiles,agency_pos,,smiles,,smile
smirks,agency_neg,,smirks,,smirk
smokes,agency_pos,power_agent,smokes,,smoke
smolders,agency_neg,,smolders,,smolder
smooths,agency_pos,power_equal,smooths,,smooth
smothers,agency_pos,power_agent,smothers,,smother
snags,agency_pos,power_agent,snags,,snag
snaps,agency_pos,,snaps,,snap
snarls,agency_pos,power_equal,snarls at,at,snarl
snatches,agency_pos,power_agent,snatches,,snatch
sneaks,agency_pos,power_agent,sneaks,,sneak
sneers,agency_pos,,sneers,,sneer
sneezes,agency_pos,,sneezes,,sneeze
snickers,agency_neg,,snickers,,snicker
sniffs,agency_equal,,sniffs,,sniff
snips,agency_pos,power_agent,snips,,snip
snoops,agency_pos,,snoops,,snoop
snores,agency_neg,,snores,,snore
snorts,agency_pos,,snorts,,snort
snows,agency_neg,,snows,,snow
snuggles,agency_pos,power_equal,snuggles,,snuggle
soaks,agency_pos,power_agent,soaks,,soak
soars,agency_pos,,soars,,soar
sobers,agency_pos,power_agent,sobers,,sober
sobs,agency_neg,,sobs,,sob
softens,agency_pos,power_equal,softens,,soften
soils,agency_pos,power_agent,soils,,soil
solicits,agency_pos,power_agent,solicits,,solicit
solves,agency_pos,power_agent,solves,,solve
soothes,agency_pos,power_equal,soothes,,soothe
sorts,agency_pos,power_equal,sorts,,sort
sounds,agency_pos,power_equal,sounds,,sound
spaces,agency_pos,power_agent,spaces,,space
spans,agency_neg,power_agent,spans,,span
spares,agency_pos,power_agent,spares,,spare
sparkles,agency_neg,,sparkles,,sparkle
sparks,agency_pos,power_agent,sparks,,spark
spars,agency_pos,power_equal,spars,,spar
spatters,agency_equal,,spatters,,spatter
speaks,agency_pos,,speaks,,speak
speaks,agency_pos,power_equal,speaks to,to,speak
specifies,agency_pos,power_equal,specifies,,specify
speeds,agency_pos,,speeds,,speed
speeds,agency_pos,power_equal,speeds up,up,speed
spells,agency_equal,power_equal,spells,,spell
spends,agency_pos,power_agent,spends,,spend
spews,agency_pos,power_agent,spews,,spew
spies,agency_pos,power_equal,spies,,spy
spikes,agency_pos,power_agent,spikes,,spike
spills,agency_pos,power_agent,spills,,spill
spins,agency_pos,power_agent,spins,,spin
spirals,agency_pos,,spirals,,spiral
spits,agency_pos,power_agent,spits at,at,spit
splashes,agency_pos,,splashes,,splash
splatters,agency_pos,power_agent,splatters,,splatter
splinters,agency_pos,power_agent,splinters,,splinter
splits,agency_pos,power_agent,splits,,split
spoils,agency_pos,power_equal,spoils,,spoil
sponsors,agency_pos,power_agent,sponsors,,sponsor
spooks,agency_pos,power_agent,spooks,,spook
sports,agency_equal,power_equal,sports,,sport
spots,agency_neg,power_agent,spots,,spot
sprawls,agency_equal,,sprawls,,sprawl
sprays,agency_pos,power_agent,sprays,,spray
spreads,agency_pos,power_agent,spreads,,spread
springs,agency_pos,,springs,,spring
sprinkles,agency_pos,power_agent,sprinkles,,sprinkle
sprints,agency_pos,,sprints,,sprint
sprouts,agency_pos,,sprouts,,sprout
spurs,agency_pos,power_agent,spurs,,spur
sputters,agency_pos,,sputters,,sputter
squares,agency_pos,power_agent,squares,,square
squashes,agency_pos,power_agent,squashes,,squash
squats,agency_pos,,squats,,squat
squeaks,agency_equal,,squeaks,,squeak
squeals,agency_equal,,squeals,,squeal
squeezes,agency_pos,power_agent,squeezes,,squeeze
squints,agency_equal,,squints,,squint
squirms,agency_equal,,squirms,,squirm
squirts,agency_pos,power_equal,squirts,,squirt
stabilizes,agency_pos,power_agent,stabilizes,,stabilize
stabs,agency_pos,power_agent,stabs,,stab
stacks,agency_pos,power_agent,stacks,,stack
staggers,agency_equal,,staggers,,stagger
stains,agency_pos,power_agent,stains,,stain
stakes,agency_pos,power_agent,stakes,,stake
stalks,agency_pos,power_theme,stalks,,stalk
stalls,agency_pos,power_agent,stalls,,stall
stamps,agency_pos,power_agent,stamps,,stamp
stands,agency_equal,,stands,,stand
stares,agency_neg,,stares,,stare
stars,agency_pos,power_equal,stars,,star
startles,agency_pos,power_equal,startles,,startle
starts,agency_pos,power_agent,starts,,start
starves,agency_pos,power_agent,starves,,starve
stashes,agency_pos,power_agent,stashes,,stash
states,agency_pos,power_equal,states,,state
stations,agency_pos,power_agent,stations,,station
stays,agency_neg,,stays,,stay
steadies,agency_pos,power_agent,steadies,,steady
steals,agency_pos,power_agent,steals,,steal
steams,agency_pos,power_agent,steams,,steam
steels,agency_pos,power_agent,steels,,steel
steers,agency_pos,power_agent,steers,,steer
stencils,agency_pos,power_agent,stencils,,stencil
steps,agency_pos,,steps,,step
sticks,agency_pos,,sticks,,stick
stiffens,agency_pos,power_equal,stiffens,,stiffen
stifles,agency_pos,power_agent,stifles,,stifle
stimulates,agency_pos,power_equal,stimulates,,stimulate
stings,agency_pos,power_agent,stings,,sting
stinks,agency_neg,,stinks,,stink
stirs,agency_pos,power_agent,stirs,,stir
stitches,agency_pos,power_equal,stitches,,stitch
stocks,agency_pos,power_equal,stocks,,stock
stomps,agency_pos,,stomps,,stomp
stones,agency_pos,power_agent,stones,,stone
stoops,agency_equal,,stoops,,stoop
stops,agency_pos,power_agent,stops,,stop
stores,agency_pos,power_agent,stores,,store
storms,agency_pos,power_agent,storms,,storm
stows,agency_pos,power_agent,stows,,stow
straddles,agency_pos,power_agent,straddles,,straddle
straightens,agency_pos,power_agent,straightens,,straighten
strains,agency_pos,power_agent,strains,,strain
strands,agency_pos,power_agent,strands,,strand
strangles,agency_pos,power_agent,strangles,,strangle
strangles,agency_equal,power_agent,strangles on,on,strangle
straps,agency_pos,power_agent,straps,,strap
strays,agency_pos,,strays,,stray
streams,agency_pos,,streams,,stream
strengthens,agency_pos,power_agent,strengthens,,strengthen
stresses,agency_pos,power_agent,stresses,,stress
stretches,agency_pos,,stretches,,stretch
strides,agency_pos,,strides,,stride
strikes,agency_pos,power_agent,strikes,,strike
strings,agency_pos,power_agent,strings,,string
strips,agency_pos,power_agent,strips,,strip
strokes,agency_pos,power_equal,strokes,,stroke
strolls,agency_equal,,strolls,,stroll
struggles,agency_equal,power_theme,struggles,,struggle
struts,agency_pos,,struts,,strut
stubs,agency_equal,power_agent,stubs,,stub
studies,agency_pos,power_equal,studies,,study
stuffs,agency_pos,power_agent,stuffs,,stuff
stumbles,agency_neg,,stumbles,,stumble
stuns,agency_pos,power_agent,stuns,,stun
subdues,agency_pos,power_agent,subdues,,subdue
submerges,agency_pos,power_agent,submerges,,submerge
submits,agency_pos,power_equal,submits,,submit
subsides,agency_neg,,subsides,,subside
subtitles,agency_pos,power_theme,subtitles,,subtitle
succeeds,agency_pos,power_agent,succeeds,,succeed
sues,agency_pos,power_agent,sues,,sue
suffers,agency_neg,power_theme,suffers,,suffer
suffocates,agency_pos,power_agent,suffocates,,suffocate
suggests,agency_pos,power_agent,suggests,,suggest
sulks,agency_neg,,sulks,,sulk
summons,agency_pos,power_agent,summons,,summon
superimposes,agency_pos,power_agent,superimposes,,superimpose
supervises,agency_pos,power_agent,supervises,,supervise
supplies,agency_pos,power_agent,supplies,,supply
supports,agency_pos,power_equal,supports,,support
supposes,agency_equal,power_equal,supposes,,suppose
suppresses,agency_pos,power_agent,suppresses,,suppress
surfaces,agency_pos,,surfaces,,surface
surfs,agency_pos,,surfs,,surf
surges,agency_pos,,surges,,surge
surprises,agency_pos,power_equal,surprises,,surprise
surrenders,agency_neg,power_agent,surrenders,,surrender
surrounds,agency_pos,power_agent,surrounds,,surround
surveys,agency_pos,power_equal,surveys,,survey
survives,agency_neg,power_equal,survives,,survive
survives,agency_pos,power_theme,survives on,on,survive
suspects,agency_pos,power_equal,suspects,,suspect
suspends,agency_pos,power_agent,suspends,,suspend
sustains,agency_pos,power_agent,sustains,,sustain
swallows,agency_pos,power_agent,swallows,,swallow
swaps,agency_pos,power_agent,swaps,,swap
swarms,agency_pos,,swarms,,swarm
swats,agency_pos,power_agent,swats,,swat
sways,agency_pos,power_agent,sways,,sway
swears,agency_pos,power_agent,swears,,swear
sweats,agency_neg,,sweats,,sweat
sweeps,agency_pos,power_agent,sweeps,,sweep
swells,agency_equal,,swells,,swell
swerves,agency_pos,,swerves,,swerve
swigs,agency_pos,power_equal,swigs,,swig
swims,agency_pos,,swims,,swim
swings,agency_pos,power_agent,swings,,swing
swipes,agency_pos,power_agent,swipes,,swipe
swirls,agency_pos,power_agent,swirls,,swirl
switches,agency_pos,power_agent,switches,,switch
swivels,agency_pos,power_agent,swivels,,swivel
swoops,agency_pos,,swoops,,swoop
tackles,agency_pos,power_agent,tackles,,tackle
tacks,agency_pos,power_agent,tacks,,tack
tags,agency_pos,power_agent,tags,,tag
tailors,agency_pos,power_equal,tailors,,tailor
tails,agency_pos,power_theme,tails,,tail
takes,agency_pos,power_equal,takes,,take
talks,agency_pos,,talks,,talk
talks,agency_pos,power_equal,talks to,to,talk
tangles,agency_pos,power_agent,tangles,,tangle
taps,agency_equal,power_equal,taps,,tap
targets,agency_pos,power_agent,targets,,target
tastes,agency_pos,power_agent,tastes,,taste
tattooes,agency_pos,power_agent,tattooes,,tattoo
taunts,agency_pos,power_agent,taunts,,taunt
taxis,agency_pos,,taxis,,taxis
teaches,agency_pos,power_agent,teaches,,teach
tears,agency_pos,power_agent,tears,,tear
teases,agency_pos,power_agent,teases,,tease
teeters,agency_neg,,teeters,,teeter
telephones,agency_pos,power_equal,telephones,,telephone
tells,agency_pos,power_equal,tells,,tell
tempts,agency_pos,power_agent,tempts,,tempt
tends,agency_pos,power_agent,tends,,tend
tenses,agency_pos,power_equal,tenses,,tense
terminates,agency_pos,power_agent,terminates,,terminate
terms,agency_pos,power_agent,terms,,term
terrifies,agency_pos,power_agent,terrifies,,terrify
testifies,agency_pos,power_equal,testifies,,testify
tests,agency_pos,power_agent,tests,,test
tethers,agency_pos,power_agent,tethers,,tether
thanks,agency_pos,power_theme,thanks,,thank
thaws,agency_pos,power_agent,thaws,,thaw
thinks,agency_pos,power_equal,thinks,,think
thins,agency_pos,power_agent,thins,,thin
thrashes,agency_pos,power_agent,thrashes,,thrash
threads,agency_pos,,threads,,thread
threatens,agency_pos,power_agent,threatens,,threaten
thrills,agency_pos,power_agent,thrills,,thrill
throbs,agency_neg,,throbs,,throb
throttles,agency_pos,power_agent,throttles,,throttle
throws,agency_pos,power_agent,throws,,throw
thrusts,agency_pos,power_agent,thrusts,,thrust
thumbs,agency_equal,,thumbs,,thumb
thumps,agency_pos,power_agent,thumps,,thump
thunders,agency_pos,,thunders,,thunder
tickles,agency_pos,power_equal,tickles,,tickle
ticks,agency_equal,power_equal,ticks off,off,tick
tidies,agency_pos,power_agent,tidies,,tidy
ties,agency_pos,power_equal,ties,,tie
tightens,agency_pos,power_agent,tightens,,tighten
tilts,agency_pos,power_agent,tilts,,tilt
times,agency_pos,power_agent,times,,time
tings,agency_pos,,tings,,ting
tips,agency_pos,power_theme,tips,,tip
tiptoes,agency_pos,,tiptoes,,tiptoe
tires,agency_equal,power_agent,tires,,tire
toasts,agency_pos,power_equal,toasts,,toast
tolerates,agency_equal,power_equal,tolerates,,tolerate
topples,agency_pos,power_agent,topples,,topple
tops,agency_pos,power_agent,tops,,top
torments,agency_pos,power_agent,torments,,torment
tortures,agency_pos,power_agent,tortures,,torture
tosses,agency_pos,power_agent,tosses,,toss
totals,agency_pos,power_agent,totals,,total
touches,agency_pos,power_theme,touches,,touch
towers,agency_neg,,towers,,tower
tows,agency_pos,power_agent,tows,,tow
toys,agency_pos,power_agent,toys with,with,toy
traces,agency_pos,power_theme,traces,,trace
tracks,agency_pos,power_agent,tracks,,track
trades,agency_pos,power_agent,trades,,trade
trails,agency_pos,power_equal,trails,,trail
trains,agency_pos,power_agent,trains,,train
tramples,agency_pos,power_agent,tramples,,trample
transfers,agency_pos,power_agent,transfers,,transfer
transfixes,agency_pos,power_agent,transfixes,,transfix
transforms,agency_pos,power_agent,transforms,,transform
translates,agency_pos,power_agent,translates,,translate
transmits,agency_pos,power_equal,transmits,,transmit
transports,agency_pos,power_agent,transports,,transport
traps,agency_pos,power_agent,traps,,trap
trashes,agency_pos,power_agent,trashes,,trash
travels,agency_pos,power_agent,travels,,travel
treads,agency_pos,,treads,,tread
treats,agency_pos,power_agent,treats,,treat
trembles,agency_neg,,trembles,,tremble
trickles,agency_neg,,trickles,,trickle
tricks,agency_pos,power_agent,tricks,,trick
tries,agency_pos,power_equal,tries,,try
triggers,agency_pos,power_agent,triggers,,trigger
trims,agency_pos,power_agent,trims,,trim
trips,agency_pos,power_agent,trips,,trip
trips,agency_neg,power_theme,trips on,on,trip
trots,agency_pos,power_equal,trots,,trot
troubles,agency_pos,power_agent,troubles,,trouble
trudges,agency_pos,,trudges,,trudge
trusts,agency_neg,power_theme,trusts,,trust
tucks,agency_pos,power_equal,tucks,,tuck
tugs,agency_pos,power_agent,tugs,,tug
tumbles,agency_pos,,tumbles,,tumble
tunes,agency_pos,power_agent,tunes,,tune
turns,agency_pos,power_agent,turns,,turn
twinkles,agency_equal,,twinkles,,twinkle
twirls,agency_pos,power_agent,twirls,,twirl
twists,agency_pos,power_agent,twists,,twist
twitches,agency_neg,,twitches,,twitch
types,agency_pos,power_equal,types,,type
unbuckles,agency_pos,power_agent,unbuckles,,unbuckle
unbuttons,agency_pos,power_agent,unbuttons,,unbutton
uncovers,agency_pos,power_agent,uncovers,,uncover
underestimates,agency_equal,power_theme,underestimates,,underestimate
undergoes,agency_neg,power_theme,undergoes,,undergo
underlies,agency_neg,power_agent,underlies,,underlie
undermines,agency_pos,power_agent,undermines,,undermine
underscores,agency_pos,power_agent,underscores,,underscore
understands,agency_equal,power_agent,understands,,understand
undertakes,agency_pos,power_theme,undertakes,,undertake
undoes,agency_pos,power_agent,undoes,,undo
undresses,agency_pos,power_agent,undresses,,undress
undulates,agency_pos,,undulates,,undulate
unfolds,agency_pos,power_agent,unfolds,,unfold
unhooks,agency_pos,power_agent,unhooks,,unhook
unites,agency_pos,power_agent,unites,,unite
unleashes,agency_pos,power_agent,unleashes,,unleash
unloads,agency_pos,power_theme,unloads,,unload
unlocks,agency_pos,power_equal,unlocks,,unlock
unnerves,agency_pos,power_agent,unnerves,,unnerve
unpacks,agency_pos,power_agent,unpacks,,unpack
unravels,,power_agent,unravels,,unravel
unrolls,agency_pos,power_agent,unrolls,,unroll
unscrews,agency_pos,power_agent,unscrews,,unscrew
unties,agency_pos,power_agent,unties,,untie
unwraps,agency_pos,power_agent,unwraps,,unwrap
unzips,agency_pos,power_agent,unzips,,unzip
upholds,agency_pos,power_theme,upholds,,uphold
upsets,agency_pos,power_agent,upsets,,upset
urges,agency_pos,power_equal,urges,,urge
uses,agency_pos,power_agent,uses,,use
ushers,agency_equal,power_agent,ushers,,usher
utters,agency_pos,power_equal,utters,,utter
values,agency_neg,power_theme,values,,value
vanishes,agency_neg,,vanishes,,vanish
varies,agency_neg,,varies,,vary
vaults,agency_pos,power_agent,vaults,,vault
veers,agency_pos,,veers,,veer
vents,agency_pos,power_equal,vents,,vent
ventures,agency_pos,,ventures,,venture
verifies,agency_equal,power_agent,verifies,,verify
vetoes,agency_pos,power_agent,vetoes,,veto
vibrates,agency_pos,power_agent,vibrates,,vibrate
views,agency_neg,power_equal,views,,view
violates,agency_pos,power_agent,violates,,violate
visits,agency_pos,power_theme,visits,,visit
voices,agency_pos,power_equal,voices,,voice
volunteers,agency_pos,power_equal,volunteers,,volunteer
votes,agency_pos,power_theme,votes,,vote
wads,agency_pos,power_agent,wads,,wad
wags,agency_pos,power_agent,wags,,wag
wails,agency_neg,,wails,,wail
waits,agency_neg,power_theme,waits,,wait
wakes,agency_pos,power_agent,wakes,,wake
walks,agency_pos,power_agent,walks,,walk
walls,agency_pos,power_agent,walls,,wall
waltzes,agency_pos,,waltzes,,waltz
wanders,agency_neg,,wanders,,wander
wants,agency_neg,power_theme,wants,,want
warms,agency_pos,power_agent,warms,,warm
warns,agency_pos,power_agent,warns,,warn
warrants,agency_equal,power_agent,warrants,,warrant
washes,agency_pos,power_agent,washes,,wash
wastes,agency_equal,power_agent,wastes,,waste
watches,agency_equal,power_agent,watches,,watch
waters,agency_pos,power_agent,waters,,water
wavers,agency_equal,,wavers,,waver
waves,agency_pos,power_equal,waves,,wave
weakens,agency_pos,power_agent,weakens,,weaken
wears,agency_pos,power_agent,wears,,wear
weathers,agency_pos,power_theme,weathers,,weather
weaves,agency_pos,power_agent,weaves,,weave
wedges,agency_pos,power_agent,wedges,,wedge
weeps,agency_neg,,weeps,,weep
weighs,agency_equal,power_agent,weighs,,weigh
welcomes,agency_pos,power_equal,welcomes,,welcome
welds,,power_agent,welds,,weld
wells,agency_equal,,wells,,well
wets,agency_pos,power_agent,wets,,wet
whacks,agency_pos,power_agent,whacks,,whack
wheels,agency_pos,power_agent,wheels,,wheel
wheezes,agency_equal,,wheezes,,wheeze
whimpers,agency_neg,,whimpers,,whimper
whines,agency_equal,,whines,,whine
whips,agency_pos,power_agent,whips,,whip
whirls,agency_pos,power_agent,whirls,,whirl
whirs,agency_pos,,whirs,,whir
whisks,agency_pos,power_agent,whisks,,whisk
whispers,agency_pos,power_equal,whispers,,whisper
whistles,agency_pos,,whistles,,whistle
whoops,agency_equal,,whoops,,whoop
widens,agency_pos,power_agent,widens,,widen
wields,agency_pos,power_agent,wields,,wield
wiggles,agency_pos,power_equal,wiggles,,wiggle
wills,agency_pos,power_agent,wills,,will
winces,agency_neg,,winces,,wince
winds,agency_pos,power_agent,winds,,wind
winks,agency_equal,,winks,,wink
wins,agency_pos,power_agent,wins,,win
wipes,agency_pos,power_agent,wipes,,wipe
wires,agency_pos,power_agent,wires,,wire
wishes,agency_neg,power_theme,wishes,,wish
withdraws,agency_pos,power_agent,withdraws,,withdraw
withers,agency_neg,,withers,,wither
withholds,agency_pos,power_agent,withholds,,withhold
witnesses,agency_neg,power_theme,witnesses,,witness
wobbles,agency_neg,,wobbles,,wobble
wonders,agency_neg,power_theme,wonders,,wonder
works,agency_pos,,works,,work
worries,agency_neg,power_equal,worries,,worry
worsens,agency_pos,power_agent,worsens,,worsen
worships,agency_pos,power_theme,worships,,worship
wounds,agency_pos,power_agent,wounds,,wound
wracks,agency_pos,power_equal,wracks,,wrack
wraps,agency_pos,power_equal,wraps,,wrap
wrecks,agency_pos,power_agent,wrecks,,wreck
wrenches,agency_pos,,wrenches,,wrench
wrestles,agency_pos,,wrestles,,wrestle
wriggles,agency_pos,,wriggles,,wriggle
wrings,agency_pos,power_agent,wrings,,wring
writes,agency_pos,power_agent,writes,,write
writhes,agency_equal,,writhes,,writhe
yanks,agency_pos,power_agent,yanks,,yank
yawns,agency_equal,,yawns,,yawn
yells,agency_pos,,yells,,yell
yelps,agency_pos,,yelps,,yelp
yields,agency_equal,power_agent,yields,,yield
zaps,agency_pos,power_agent,zaps,,zap
zips,agency_pos,,zips,,zip
zooms,agency_pos,,zooms,,zoom
